symbol,companyName
AAR-UN,Pure Industrial Real Est
ABK-A,Allbanc Split Corp Class
ABT,Absolute Software Corp.
AC,Air Canada
ACO-X,Atco Ltd. Cl.I Nv
ACQ,Autocanada Inc
ACZ-UN,American Core Sectors Di
ADC-UN,Canadian Advantaged Conv
ADV,Alderon Iron Ore Corp
ADW-B,Andrew Peller Limited C
AEF-A,Acasta Enterprises Inc C
AEM,Agnico Eagle Mines Limit
AEZ,Aeterna Zentaris Inc.
AFN,Ag Growth International
AFN-DB-B,Ag Growth International
AGF-B,Agf Management Ltd. Cl.
AGI-WT,Alamos Gold Inc Warrants
AGT,Agt Food and Ingredients
AHY-UN,Advantaged CDN High Yiel
AI-DB,Atrium Mortgage Inv Corp
AI-DB-B,Atrium Mortgage Inv Corp
AIF-DB-A,Altus Group Ltd 6.75 Pct
AIM-PR-A,Aimia Inc Pref Series 1
AIM-PR-C,Aimia Inc Pref Series 3
AKG,Asanko Gold Inc
AKT-B,Akita Cl B
ALA-PR-A,Altagas Ltd. Pref A
ALA-PR-E,Altagas Ltd Pref Series
ALA-PR-I,Altagas Ltd Pref Series I
ALB,Allbanc Split Banc Corp
ALC,Algoma Central
ALS,Altius Minerals Corporat
AMM,Almaden Minerals Ltd.
AOG-UN,Aston Hill Adv Oil and G
AP-UN,Allied Properties Real E
APS,Aptose Biosciences Inc
AQN,Algonquin Power and Util
AQN-PR-A,Algonquin Power and Util
AQX-A,Alignvest Acquisition Co
AR,Argonaut Gold Inc.
ARE-DB-B,Aecon Group Inc 5.50 Pct
ARX,Arc Resources Ltd.
ASO,Avesoro Resources Inc.
ASR,Alacer Gold Corp
ATD-A,Alimentation Couche-Tard
ATH,Athabasca Oil Corp
ATP,Atlantic Power Corp.
ATP-DB-U,Atlantic Power Corp 5.75
AUG,Auryn Resources Inc
AUM,Golden Minerals Company
AV-UN,Aston Hill Adv Vip Incom
AVL,Avalon Rare Metals Inc.
AVP,Avcorp Industries Inc.
AX-DB-U,Artis REIT 5.75 Pct Debe
AX-PR-E,Artis REIT Pref Ser E
AX-PR-U,Artis REIT Pref Series C
AXR,Alexco Resource Corp.
AYA,Amaya Inc
AZ,Az Mining Inc
AZP-PR-B,Atlantic Power Pref Equi
AZZ,Azarga Uranium Corp
AAB,Aberdeen International I
AAV,Advantage Oil & Gas Ltd.
ABK-PR-C,Allbanc Split Corp Pref
ABX,Barrick Gold Corporation
ACD,Accord Financial
ACO-Y,Atco Ltd Cl II
ACR-UN,Agellan Commercial REIT
AD,Alaris Royalty Corp.
ADN,Acadian Timber Corp
ADW-A,Andrew Peller Limited C
AEF,Acasta Enterprises Inc
AEF-WT,Acasta Enterprises Inc W
AEU-UN,Activenergy Income Fund
AF,Alarmforce J
AFN-DB-A,Ag Growth Intl Inc 5.25
AFN-DB-C,Ag Growth Intl Inc 5.00 Pct Debs
AGI,Alamos Gold Inc.
AGI-WT-A,Alamos Gold Inc Warrants A
AGU,Agrium Inc
AI,Atrium Mortgage Investme
AI-DB-A,Atrium Mortgage Inv Corp
AIF,Altus Group Limited
AIM,Aimia Inc
AIM-PR-B,Aimia Inc Pref Series 2
AJX,Agjunction Inc
AKT-A,Akita Drilling Ltd. Cl.
ALA,Altagas Ltd.
ALA-PR-B,Altagas Ltd Pref Series B
ALA-PR-G,Altagas Ltd Pref G
ALA-PR-U,Altagas Ltd Pref Series
ALB-PR-C,Allbanc Split Corp II Pref Ser 2
ALC-DB,Algoma Central Corp 6 PC
AMI,Aurico Metals Inc
ANX,Anaconda Mining Inc.
AOI,Africa Oil Corp
APR-UN,Automotive Properties Re
AQA,Aquila Resources Inc.
AQN-IR,Algonquin Power Util 5 Pct Debs Ins Rcpt
AQN-PR-D,Algonquin Power and Util
AQX-WT,Alignvest Acquisition Co
ARE,Aecon Group Inc
ARG,Amerigo Resources Ltd.
ARZ,Aralez Pharmaceuticals Inc
ASP,Acerus Pharmaceuticals C
ATA,Ats Automation
ATD-B,Alimentation Couche-Tard
ATL,Atlatsa Resources Corpor
ATP-DB-D,Atlantic Power Corp 6.00
ATZ,Aritzia Inc
AUI-UN,Australian Banc Income F
AUP,Aurinia Pharmaceuticals
AVK,Avnel Gold Mining Ltd.
AVO,Avigilon Corporation
AW-UN,A&W Revenue Royalties In
AX-PR-A,Artis REIT Pref Series A
AX-PR-G,Artis REIT Pref Series G
AX-UN,Artis Real Estate Invest
AXY,Alterra Power Corp
AYM,Atalaya Mining Plc
AZP-PR-A,Atlantic Power Pref Equi
AZP-PR-C,Atlantic Power Pref Equi
BAD,Badger Daylighting Ltd.
BAM-PF-A,Brookfield Asset Mgmt In
BAM-PF-C,Brookfield Asset Mgmt In
BAM-PF-E,Brookfield Asset Mgmt Pr
BAM-PF-G,Brookfield Asset Mgmt In
BAM-PF-I,Brookfield Asset Mgmt Inc Pref Ser 46
BAM-PR-C,Brookfield Asset Mgmt In
BAM-PR-G,Brookfield Asset Mgmt In
BAM-PR-M,Brookfield Asset Mgmt In
BAM-PR-R,Brookfield Asset Mgmt Pr
BAM-PR-T,Brookfield Asset Mgmt Pr
BAM-PR-Z,Brookfield Asset Mgmt In
BB,Blackberry Limited
BBD-B,Bombardier Inc. Cl. B
BBD-PR-C,Bombardier Inc. Preferre
BBL-A,Brampton Brick Ltd. Cl.
BCB,Cott Corp
BCE-PR-A,BCE First Pr Shares Seri
BCE-PR-C,BCE Inc Pr Shares Series
BCE-PR-E,BCE 1St Pref Shares Seri
BCE-PR-G,BCE 1St Pref Shares Seri
BCE-PR-I,BCE 1St Pref Shares Seri
BCE-PR-K,BCE Inc Pref Series AK
BCE-PR-M,BCE Inc Preferred Shares
BCE-PR-O,BCE Inc Preferred Shares
BCE-PR-R,BCE Inc Ser R
BCE-PR-T,BCE Inc. First Preferred
BCE-PR-Z,BCE Inc Series Z
BDI,Black Diamond Group Ltd
BEI-UN,Boardwalk Real Estate In
BEP-PR-E,Brookfield Renewable Energy Pref Ser 5
BEP-PR-I,Brookfield Renewable  Pref Ser 9
BGI-UN,Brookfield Glbl Infras S
BIG-D,Big 8 Split Inc Class D
BIP-PR-A,Brookfield Infra Partner
BIP-PR-C,Brookfield Infra Partners LP Pref Ser 5
BIR,Birchcliff Energy Ltd.
BIR-PR-C,Birchcliff Energy Ltd Pr
BK-PR-A,Canadian Banc Corp Pref
BKL,Powershares Sr Loan CAD
BKX,Bnk Petroleum Inc.
BLD,Ballard Power
BLU,Bellus Health Inc.
BLX-DB-A,Boralex Inc 4.5 Pct Debs
BMO,Bank of Montreal
BMO-PR-B,BMO Pref Shares Series 38
BMO-PR-L,BMO Non-Cumulative Cl B
BMO-PR-Q,Bank of Montreal B Pref
BMO-PR-S,BMO Cl B Pref Shares Ser
BMO-PR-W,BMO Cl B Pref Shares Ser
BMO-PR-Z,Bank of Montreal Pref Se
BND,Purpose Tactical Inv Grade Bond Fund
BNG,Bengal Energy Ltd.
BNP,Bonavista Energy Corpora
BNS-PR-A,Bns Preferred Shares Ser
BNS-PR-C,Bns Preferred Series 23
BNS-PR-E,Bns Preferred Shares Series 34
BNS-PR-G,Bns Preferred Shares Series 36
BNS-PR-N,Bns Pref Shares Series
BNS-PR-P,Bank of Nova Scotia Non-
BNS-PR-R,Bns Non Cum Pref Series
BNS-PR-Z,Bns Preferred Series 32
BOX-UN,Brookfield Canada Office
BOY-DB-A,Boyuan Constr Grp Inc 10
BPO-PR-A,Brookfield Office Proper
BPO-PR-J,Brookfield Office Proper
BPO-PR-N,Brookfield Office Proper
BPO-PR-R,Brookfield Office Proper
BPO-PR-T,Brookfield Office Proper
BPO-PR-W,Brookfield Office Proper
BPO-PR-Y,Brookfield Office Proper
BPS-PR-B,Brookfield Property Spli
BPS-PR-U,Brookfield Property Spli
BR,Big Rock Brewery Inc.
BRE,Brookfield Real Estate S
BRF-PR-B,Brookfield Renewable Pre
BRF-PR-E,Brookfield Renewable Pow
BRIO,Brio Gold Inc
BSC,Bns Split Corp.  II
BSD-PR-A,Brookfield Soundvest Spl
BSE-UN,Brookfield Soundvest Equ
BSX,Belo Sun Mining Corp
BTB-DB-F,Btb REIT 7.15 Pct Debs
BTE,Baytex Energy Corp.
BU,Burcon Nutrascience Corp
BUI,Buhler Ind
BXE,Bellatrix Exploration Lt
BXF,First Asset 1 To 5 Yr La
BYD-DB-A,Boyd Group Income Fund 5
BYL,Baylin Technologies Inc
BAA,Banro Corp.
BAM-A,Brookfield Asset Managem
BAM-PF-B,Brookfield Asset Mgmt In
BAM-PF-D,Brookfield Asset Mgmt In
BAM-PF-F,Brookfield Asset Mgmt In
BAM-PF-H,Brookfield Asset MGT Inc Pref Ser 44
BAM-PR-B,Brookfield Asset Mgmt In
BAM-PR-E,Brookfield Asset Mgmt In
BAM-PR-K,Brookfield Asset Mgmt In
BAM-PR-N,Brookfield Asset Mgmt Pr
BAM-PR-S,Brookfield Asset Mgmt Inc Pref Ser 25
BAM-PR-X,Brookfield Am Pref Ser 2
BAR,Balmoral Resources Ltd
BBD-A,Bombardier Inc. Cl. A
BBD-PR-B,Bombardier 2 Pr
BBD-PR-D,Bombardier Inc. Preferre
BBU-UN,Brookfield Business Partners LP
BCE,BCE Inc.
BCE-PR-B,BCE Inc. First Pr Shares
BCE-PR-D,BCE Inc. Preferred Share
BCE-PR-F,BCE 1St Pref Shares Seri
BCE-PR-H,BCE 1St Pref Shares Seri
BCE-PR-J,BCE Inc Preferred Sh Ser
BCE-PR-L,BCE Inc Pref Series Al
BCE-PR-N,BCE Inc Preferred Shares Series An
BCE-PR-Q,BCE Inc Preferred Shares
BCE-PR-S,BCE Inc Ser S
BCE-PR-Y,BCE Inc Ser Y Pr
BCI,New Look Eyewear Inc
BDT,Bird Construction Inc.
BEK-B,Becker Milk Company Ltd.
BEP-PR-G,Brookfield Renewable Energy Pref Ser 7
BEP-UN,Brookfield Renewable Ene
BHY-UN,Brookfield High Yld Stra
BIG-PR-D,Big 8 Split Inc Pref Cla
BIP-PR-B,Brookfield Infra Partners LP Pref Ser 3
BIP-UN,Brookfield Infra Partner
BIR-PR-A,Birchcliff Energy Ltd Pr
BK,Canadian Banc Corp
BKI,Black Iron Inc
BKL-F,Powershares Senior Loan Index ETF
BLB-UN,Bloom Select Income Fund
BLDP,Ballard Power
BLX,Boralex Inc.
BLX-R,Boralex Inc Sub Receipts
BMO-PR-A,BMO Pref Shares Series 26
BMO-PR-K,BMO Non-Cumulative Cl B
BMO-PR-M,BMO Cl B Pref Shares Se
BMO-PR-R,BMO Cl B Pref Shares Ser
BMO-PR-T,BMO Non Cum Cl B Prf Sha
BMO-PR-Y,Bank of Montreal Pref Se
BNC,Purpose CDN Financial Income Fund ETF
BNE,Bonterra Energy Corp
BNG-RT,Bengal Energy Ltd RTS
BNS,Bank of Nova Scotia
BNS-PR-B,Bns Preferred Shares Ser
BNS-PR-D,Bns Preferred Shares Ser
BNS-PR-F,Bns Preferred Shares Series 33
BNS-PR-H,Bns Preferred Shares Series 38
BNS-PR-O,Bns Pref Shares Series
BNS-PR-Q,Bns Pref Shares  Series
BNS-PR-Y,Bank of Nova Scotia 5 Yr
BOS,Airboss America J
BOY,Boyuan Construction Grou
BPF-UN,Boston Pizza Royalties I
BPO-PR-C,Brookfield Office Properties Pref Ser CC
BPO-PR-K,Brookfield Office Proper
BPO-PR-P,Brookfield Office Proper
BPO-PR-S,Brookfield Office Properties Pref Ser S
BPO-PR-U,Brookfield Office Proper
BPO-PR-X,Brookfield Office Proper
BPS-PR-A,Brookfield Property Spli
BPS-PR-C,Brookfield Property Spli
BPY-UN,Brookfield Property Part
BRB,Brick Brewing J
BRF-PR-A,Brookfield Renewable  Pr
BRF-PR-C,Brookfield Renewable Pow
BRF-PR-F,Brookfield Renewable Pow
BRY,Bri Chem Corp
BSC-PR-C,Bns Split Corp II Pref B Series 2
BSD-UN,Brookfield Soundvest Spl
BSO-UN,Brookfield Select Opport
BTB-DB-E,Btb REIT 6.90 Pct Debs
BTB-UN,Btb REIT Units
BTO,B2Gold Corp.
BUA-UN,Bloom US Income and Grow
BX,Biox Corporation
BXE-DB,Bellatrix Exploration Ltd 6.75 Pct Debs
BXS-DB-C,Barclays Bank Fixed Rate Notes I 28
BYD-UN,Boyd Group Income Fund
CAL,Caledonia Mining Corpora
CAN,Horizons Canadian Dollar Currency ETF
CARA,Cara Operations Limited
CBB,First Asset Core Balance
CBD-A,Ishares Balanced Income
CBH-A,Ishares 1-10Yr Laddered
CBN,Ishares Balanced Growth
CBO-A,Ishares 1-5Yr Laddered C
CBQ-A,Ishares BRIC ETF AC
CCA,Cogeco Cable Inc. Sv
CCL-A,Ccl Inc. Cl A
CCM,Canarc Res J
CCS-PR-C,Co-Operators Gen Ins Cl
CCZ,Criticalcontrol Solution
CDH,Corridor Resources Inc.
CDZ,Ishares SP TSX CDN Divid
CED,First Asset Core CDN Equ
CEF-A,Central Fund of Canada L
CES,First Asset Core US Equi
CET,Cathedral Energy Service
CEW,Ishares Equal Weight Ban
CF,Canaccord Genuity Group
CF-PR-C,Canaccord Genuity Group
CFP,Canfor Corp
CFX,Canfor Pulp Products Inc
CGC,Canopy Growth Corporation
CGI,CDN General Inv
CGL,Ishares Gold Bullion ETF
CGO,Cogeco Inc. Sv
CGT,Columbus Gold Corp
CGX-DB-A,Cineplex Inc 4.50 Pct De
CHB,Ishares US HY Fixed Inco
CHE-DB,Chemtrade Logistics Inco
CHE-DB-B,Chemtrade Logistics If 5
CHE-UN,Chemtrade Logistics Inco
CHH-NT,Centric Health Corp 6.75
CHR,Chorus Aviation Inc Cl B
CHW-DB,Chesswood Group Limited
CIC,Canbanc Income Corp
CIE-A,Ishares Intl Fundamental
CIF-A,Ishares Global Infrastru
CIQ-UN,Canadian High Income Equ
CIU-PR-C,Cu Inc Preferred Series
CJ,Cardinal Energy Ltd
CJP,Ishares Japan Fund Idx E
CJR-B,Corus Entertainment Inc.
CJT-A,Cargojet Inc. Variable V
CJT-DB-C,Cargojet Inc 4.65 Pct Debs
CKI,Clarke Inc
CLF-A,Ishares 1-5 Yr Ladder Go
CLG-A,Ishares 1-10Yr Ladder Go
CLS,Celestica Inc. Sv
CLU-A,Ishares US Fundamental I
CLU-C,Ishares US Fundamental I
CM-PR-O,Cibc Pref Ser 39
CM-PR-Q,Cibc Pref Series 43
CMG,Computer Modelling Group
CMMC,Copper Mountain Mining Corp
CMR-A,Ishares Premium Money Market ETF AC
CNE,Canacol Energy Ltd
CNL-WT-A,Continental Gold Inc Wts
CNR,Canadian National Railwa
CNU,Cnooc Limited
COP,Coro Mining Corp.
COW-A,Ishares Global Agri Inde
CPD,Ishares SP TSX CDN Pref
CPF-UN,CDN 50 Adv Pref Sh Fd
CPH,Cipher Pharmaceuticals I
CPX,Capital Power Corporatio
CPX-PR-C,Capital Power Corp Pref
CPX-PR-G,Capital Power Corporation Pref Series 7
CR,Crew Energy Inc
CRN,Crown Capital Partners I
CRQ,Ishares  Canadian Fundam
CRR-DB-D,Crombie REIT 5 Pct Debs
CRR-UN,Crombie Real Estate Inve
CS,Capstone Mining Corp.
CSD-A,Ishares Adv Shrt Dur Hi
CSH-UN,Chartwell Retirement Res
CSU,Constellation Software I
CSW-A,Corby Spirit and Wine Lt
CSY,Can 60 Income Corp
CTC-A,Canadian Tire Corporatio
CTU,Le Chateau Inc Cl B
CU,Canadian Utilities Ltd.
CU-PR-D,Canadian Utilities Ltd P
CU-PR-F,Canadian Utilities Ltd P
CU-PR-H,Canadian Utilities Ltd P
CU-X,CDN Util Cl B
CUD-A,Ishares SP US Div Grower
CUP-U,Caribbean Util US
CUS-DB-B,Canexus Corp 5.75 Pct Se
CUS-DB-D,Canexus Corp 6.5 Pct Deb
CVD-A,Ishares Convertible Bond
CVG,Clairvest Group
CVL-DB,Cervus Equipment Corp 6
CWB-PR-B,Canadian Western Bank Pr
CWF,CDN World Fund
CWL,Caldwell Partners Intern
CWW,Ishares SP Global Water
CWX,Canwel Building Material
CXF-A,First Asset CDN Convert Bond ETF AC
CXN,Chalice Gold Mines Limit
CYB,Cymbria Corporation Cl A
CYH-A,Ishares Global Monthly D
CZN,CDN Zinc Corp J
CAE,Cae Inc
CAM,Canam Group Inc.
CAR-UN,CDN Apartment Un
CAS,Cascades Inc
CBD,Ishares Balanced Income
CBH,Ishares 1-10 Yr Laddered
CBL,Callidus Capital Corp
CBO,Ishares 1-5Yr Laddered C
CBQ,Ishares BRIC ETF
CBT-UN,June 2020 Corporate Bond Trust
CCI-UN,Canadian Convertibles Pl
CCL-B,Ccl Industries Inc. Cl.
CCO,Cameco Corp
CCX,Canadian Crude Oil Index
CDD-UN,Core Canadian Dividend T
CDM-WT,Coeur Mining Inc Warrant
CDZ-A,Ishares SP TSX CDN Divid
CEE,Centamin Plc
CEF-U,Central Fund of Canada L
CES-B,First Asset Core US Equi
CEU,Canadian Energy Svcs and
CEW-A,Ishares Equal Weight Ban
CF-PR-A,Canaccord Genuity Group
CFF,Conifex Timber Inc
CFW,Calfrac Well Services Lt
CG,Centerra Gold Inc.
CGG,China Gold Int Resources
CGI-PR-D,Canadian General Inv Ltd
CGL-C,Ishares Gold Bullion ETF
CGR,Ishares Global Real Esta
CGX,Cineplex Inc.
CGY,Calian Group Limited
CHB-A,Ishares US HY Fixed Inco
CHE-DB-A,Chemtrade Logistics If 5
CHE-DB-C,Chemtrade Logistics Income Fund 5.0 Debs
CHH,Centric Health Corporati
CHP-UN,Choice Properties REIT
CHW,Chesswood Group Limited
CIA,Champion Iron Limited
CIE,Ishares Intl Fundamental
CIF,Ishares Global Infrastru
CIGI,Colliers International Group Inc.
CIU-PR-A,Cu Inc. Preferred Share
CIX,Ci Financial Corp.
CJ-DB,Cardinal Energy Ltd 5.50 Pct Debs
CJP-A,Ishares Japan Fund Idx E
CJT,Cargojet Inc.
CJT-DB-B,Cargojet Inc 5.5 Pct Deb
CKE,Chinook Energy Inc.
CLF,Ishares 1-5 Yr Ladder Go
CLG,Ishares 1-10 Yr Ladder G
CLR,Clearwater Seafoods Inco
CLU,Ishares US Fundamental I
CLU-B,Ishares US Fundamental I
CM,Canadian Imperial Bank O
CM-PR-P,Cibc Pref Series 41
CMED,Cannimed Therapeutics Inc
CMH,Carmanah Technologies Co
CMR,Ishares Premium Money Ma
CMZ-UN,Compass Income Fund
CNL,Continental Gold Ltd
CNQ,CDN Natural Res
CNT,Century Global Commodities Corp
COM,Cardiome Pharma Corp
COW,Ishares Global Agri Inde
CP,Canadian Pacific Railway
CPD-A,Ishares SP TSX CDN Pref
CPG,Crescent Point Energy Co
CPI,Condor Petroleum Inc
CPX-PR-A,Capital Power Corporatio
CPX-PR-E,Capital Power Corporatio
CQE,Cequence Energy Ltd.
CRH,CRH Medical Corporation
CRP,Ceres Global Ag Corp.
CRQ-A,Ishares CAD Fundamental
CRR-DB-E,Crombie REIT 5.25 Pct De
CRT-UN,Ct Real Estate Investmen
CSD,Ishares Adv Short Dur Hi
CSE-PR-A,Capstone Infrastructure
CSM,Clearstream Energy Services Inc
CSU-DB,Constellation Software I
CSW-B,Corby Spirit and Wine Lt
CTC,Canadian Tire Corporatio
CTF-UN,Citadel Income Fund
CTX,Crescita Therapeutics Inc
CU-PR-C,Canadian Utilities Limit
CU-PR-E,Canadian Utilities Ltd P
CU-PR-G,Canadian Utilities Ltd P
CU-PR-I,Canadian Utilities Ltd Pref Ser Ff
CUD,Ishares SP US Div Grower
CUF-UN,Cominar R E Un
CUS,Canexus Corporation
CUS-DB-C,Canexus Corp 6.00 Pct Co
CVD,Ishares Convertible Bond
CVE,Cenovus Energy Inc.
CVL,Cervus Equipment Corpora
CWB,CDN Western Bank
CWB-PR-C,Canadian Western Bank Pref Series 7
CWI,Crosswinds Holdings Inc
CWO,Ishares Emg Mkts Fundame
CWW-A,Ishares SP Global Water
CXF,First Asset CDN Convert
CXI,Currency Exchange Intern
CXR,Concordia Healthcare Cor
CYH,Ishares Global Monthly D
CYT,Catalyst Paper Corporati
CZQ,Continental Precious Min
DA-A,Discovery Air Inc.
DAQ-A,Dundee Acquisition Ltd C
DBO,Dbox Technologies Inc
DC-PR-B,Dundee Corp First Pref S
DC-PR-E,Dundee Corp First Pref Shares Series 5
DCD-UN,First Asset Diversified
DCF-DB,Difference Cap Financial
DCM,Data Communications Mgmt Corp
DDC,Dominion Diamond Corpora
DEE-NT,Delphi Energy Corp 10 Pct Notes
DEN,Dundee Energy Limited
DF-PR-A,Dividend 15 Split Corp.
DFN-PR-A,Dividend 15 Split Corp.
DGR,Wisdomtree US Qlty Div Gwth Idx ETF
DGS,Dividend Growth Split Co
DH,Dh Corporation
DH-DB-A,Dh Corporation 5.0 Pct D
DHX-B,Dhx Media Ltd Class B
DII-B,Dorel Industries Inc. C
DIN-DB,Dir Industrial Propertie
DIR-UN,Dream Industrial REIT
DLR,Horizons US Dollar Curre
DML,Denison Mines Corp.
DNA,Dalradian Resources Inc.
DNG,Dynacor Gold Mines Inc
DOL,Dollarama Inc
DPM,Dundee Precious Metals I
DQI,Wisdomtree Intl Qlty Div Gwth Dyn Hgd
DR-DB-A,Medical Facilities Corp
DRG-UN,Dream Global REIT
DRM-PR-A,Dream Unlimited Corp Pre
DRX,Adf Group Inc. Sv
DSG,Descartes Sys
DW,Datawind Inc
DXI,Dxi Energy Inc
DXM-A,F A Morningstar Cda Div
D-UN,Dream Office REIT
DA-DB-A,Discovery Air Inc 8.375
DAQ-WT,Dundee Acquisition Ltd W
DC-A,Dundee Corp. Cl.A Sv
DC-PR-D,Dundee Corp Pref Series
DC-WT,Dundee Corp Class A Wts
DCF,Difference Capital Finan
DCI,Directcash Payments Inc.
DCM-DB,Data Communications Mgmt 6.0 Pct Debs
DEE,Delphi Energy Corp.
DEE-WT,Delphi Energy Corp Wts
DF,Dividend 15 Split Corp.
DFN,Dividend 15 Split Corp
DGC,Detour Gold Corporation
DGR-B,Wisdomtree US Qlty Div Gwth Idx ETF Nh
DGS-PR-A,Dividend Growth Split Co
DH-DB,Dh Corporation 6.00 Pct
DHX-A,Dhx Media Ltd Class A
DII-A,Dorel Industries Inc. C
DII-DB-U,Dorel Industries Inc 5.5
DIR-DB,Dream Industrial REIT 5.
DIV,Diversified Royalty Corp
DLR-U,Horizons US Dollar Curre
DMM,Dynasty Metals
DNA-WT-A,Dalradian Resources Inc
DNT,Candente Copper Corp
DOO,Brp Inc
DQD,Wisdomtree US Qlty Div Gwth Dyn Hgd ETF
DR,Medical Facilities Corp
DRA-UN,Dream Hard Asset Alterna
DRM,Dream Unlimited Corp
DRT,Dirtt Environmental Solu
DS,Dividend Select 15 Corp.
DSL-UN,Doubleline Income Soluti
DWI,Dragonwave Inc.
DXM,F A Morningstar Cda Div
EBC-UN,Europe Blue Chip Div and
ECA,Encana Corp.
ECI,Enercare Inc.
ECN,Ecn Capital Corp
ECO,Ecosynthetix Inc
EDR,Endeavour Silver Corp.
EDV,Endeavour Mining Corp
EFL,Electrovaya Inc.
EFN-DB,Element Financial Corp 5
EFN-PR-A,Element Financial Corp P
EFN-PR-E,Element Financial Corp P
EFR,Energy Fuels Inc.
EFR-WT,Energy Fuels Inc Wts
EGI-UN,Excel India Growth and I
EGZ,Energizer Resources Inc
EIF,Exchange Income Corporat
EIF-DB-F,Exchange Income Corp 5.3
EIF-DB-H,Exchange Income Corp 5.25 Pct Debs
ELD,Eldorado Gold
ELF-PR-F,E-L Financial Corp. Ltd.
ELF-PR-H,E - L Financial Corp Ltd
ELV,Powershares SP Emg Mkts
EMA-PR-A,Emera Inc Series A Pref
EMA-PR-C,Emera Inc Pref Sh Series
EMA-PR-F,Emera Inc Series F Pref
EMP-A,Empire Company Ltd. Cl.
ENB-PF-A,Enbridge Inc Pref Series
ENB-PF-E,Enbridge Inc Pref Series
ENB-PF-I,Enbridge Inc Pref Series 17
ENB-PF-V,Enbridge Inc Pref Series
ENB-PR-B,Enbridge Inc Cum Redeem
ENB-PR-F,Enbridge Inc Pref Ser F
ENB-PR-J,Enbridge Inc Pref Ser 7
ENB-PR-P,Enbridge Inc Pref Ser P
ENB-PR-U,Enbridge Inc Pref Sh Ser
ENB-PR-Y,Enbridge Inc Cum Red Pre
ENF,Enbridge Income Fund Hol
ENI-UN,Energy Income Fund
ENT-DB,Entrec Corporation 7 Pct
EOX,Euromax Resources Ltd
EPS,Epsilon Energy Ltd.
EQB,Equitable Group Inc
EQI,Equity Financial Holding
ERD,Erdene Resource Developm
ERM,Eclipse Residential Mort
ESM,Euro Sun Mining Inc
ESP,Espial Group Inc.
ETG,Entree Gold Inc.
ETX,Etrion Corporation
EUR-A,First Trust Alphadex EUR
EXE,Extendicare Inc
EXF,Exfo Inc
EXN-WT,Excellon Resources Inc Wts
E,Enterprise Group Inc
EBF-UN,European Strategic Balan
ECF-UN,East Coast Invest Grade
ECI-DB,Enercare Inc. 6.25 Pct D
ECN-PR-A,Ecn Capital Corp Pref Series A
ECS,Ecobalt Solutions Inc
EDT,Spectral Medical Inc
EFH,Echelon Financial Holdin
EFN,Element Financial Corp
EFN-DB-A,Element Financial Corp 4
EFN-PR-C,Element Financial Corp P
EFN-PR-G,Element Financial Corp P
EFR-DB,Energy Fuels Inc Debs
EFX,Enerflex Ltd
EGL,Eagle Energy Inc.
EHE,Wisdomtree Europe Hedged Eqty Idx ETF
EIF-DB-E,Exchange Income Corp 5.5
EIF-DB-G,Exchange Income Corp 6.0
EIT-UN,Canoe Eit Income Fund Un
ELF,E-L Financial
ELF-PR-G,E- L Financial Corp. Lim
ELR,Eastern Platinum Limited
EMA,Emera Incorporated
EMA-PR-B,Emera Inc Pref Sh Series
EMA-PR-E,Emera Inc Pref Series E
EML-PR-A,The Empire Life Insurance Co Pref A
ENB,Enbridge Inc
ENB-PF-C,Enbridge Inc Pref Series
ENB-PF-G,Enbridge Inc Pref Series
ENB-PF-U,Enbridge Inc Preferred S
ENB-PR-A,Enbridge Pr
ENB-PR-D,Enbridge Inc Pref Ser D
ENB-PR-H,Enbridge Inc Preferred S
ENB-PR-N,Enbridge Inc Pref Ser N
ENB-PR-T,Enbridge Inc Pref Ser R
ENB-PR-V,Enbridge Inc Pref Ser 1
ENDP,Endo International Plc
ENGH,Enghouse Systems Ltd.
ENT,Entrec Corporation
EOM,Eco Oro Minerals Corp
EPI,Essa Pharma Inc
EPS-DB,Epsilon Energy Ltd 7.75
EQB-PR-C,Equitable Group Inc Pref
ER,Eastmain Res J
ERF,Enerplus Corporation
ESI,Ensign Energy Services I
ESN,Essential Energy Service
ET,Evertz Technologies Limi
ETP,First Trust Global Risk
EUR,First Trust Alphadex EUR
EVT,Economic Investment
EXE-DB-B,Extendicare Inc 6 Pct De
EXN,Excellon Resources Inc.
FAO,First Asset Active Credi
FAP,Aberdeen Asia-Pacific In
FBE,First Asset Canadian Buyback Index ETF
FC,Firm Capital Mortgage In
FC-DB-B,Firm Capital Mtg Inv Cor
FC-DB-D,Firm Capital Mortgage In
FC-DB-F,Firm Capital Mortgage 5.50 Pct Debs
FCE,First Asset Cambridge Core CDN Eq ETF
FCR-DB-E,First Capital Realty Inc
FCR-DB-I,First Capital Realty Inc
FCS-PR-C,Faircourt Split Trust 6.
FCU,Fission Uranium Corp
FCY-B,First Asset Cambridge Core US Eq ETF Uh
FDE-A,First Trust Alphadex Emg Mkt Div CAD AC
FDV-A,First Asset Active CDN Dividend ETF AC
FDY-A,First Trust Alphadex CDN Dividend ETF AC
FFH-PR-C,Fairfax Fncl Holdings Lt
FFH-PR-E,Fairfax Financial Hldngs
FFH-PR-G,Fairfax Financial Hldngs
FFH-PR-I,Fairfax Financial Holdin
FFH-PR-K,Fairfax Financial Holdin
FFH-U,Fairfax Financial Holdin
FFN,North American Financial
FGB,Fa Short Term Govt Bond Index Class ETF
FGM,Fa Global Momentum CAD Hedged Class ETF
FHB,First Asset Hamilton Cap
FHC,First Trust Alphadex US
FHE,First Trust Alphadex US
FHG,First Trust Alphadex US
FHM,First Trust Alphadex US
FHU,First Trust Alphadex US
FIE-A,Ishares CDN Fin Mthly In
FIH-U,Fairfax India Holdings C
FLI,First Asset US Cda Lifec
FM,First Quantum Minerals L
FN-PR-A,First National Financial
FNM-UN,First National Mortgage
FNV-WT-A,Franco-Nevada Corporatio
FQC,Fa MSCI Can Quality Index Class ETF
FRC,Canyon Services Group In
FRU,Freehold Royalties Ltd.
FSD,First Trust Sh Dur Hi Yld Bnd ETF
FSF,First Asset Global Financial Sector ETF
FSL-A,First Trust Senior Loan
FST,First Trust CDN Capital Strength ETF
FSV,Firstservice Corporation
FSZ,Fiera Capital Corp
FTB,First Trust Tactical Bon
FTN,Financial 15 Split Corp
FTP,Fortress Paper Ltd.
FTS,Fortis Inc
FTS-PR-G,Fortis Inc. First Pref S
FTS-PR-I,Fortis Inc Pref Series I
FTS-PR-K,Fortis Inc Pref Series K
FTT,Finning Intl
FTU-PR-B,US Finl 15 Split 2012 Pr
FUD-A,First Trust Alphadex US
FUT,Fa US Tactical Sector Allocation Idx ETF
FVL,Freegold Ventures Limite
FXM-A,F A Morningstar Cda Valu
FAI,Fa Active Utility and In
FAO-U,First Asset Active Credi
FAR,Foraco International Sa
FBU,First Asset US Buyback Index ETF
FC-DB-A,Firm Capital Mortgage 5.
FC-DB-C,Firm Capital Mortgage In
FC-DB-E,Firm Cap Mtg Invest Corp
FC-DB-G,Firm Capital Mortgage Inv 5.20 Pct Debs
FCR,First Capital Realty Inc
FCR-DB-F,First Capital Realty 5.2
FCR-DB-J,First Capital Realty Inc
FCS-UN,Faircourt Split Trust
FCY,First Asset Cambridge Core US Equity ETF
FDE,First Trust Alphadex Emg
FDV,First Asset Active CDN D
FDY,First Trust Alphadex CDN
FFH,Fairfax Financial Holdin
FFH-PR-D,Fairfax Fncl Holdings Lt
FFH-PR-F,Fairfax Financial Holdin
FFH-PR-H,Fairfax Fncl Holdings Ltd Pref Ser H
FFH-PR-J,Fairfax Fncl Holdings Ltd Pref Ser J
FFH-PR-M,Fairfax Financial Holdin
FFI-UN,Flaherty & Crumrine Fixe
FFN-PR-A,North American Fin 15 SP
FGL,First Asset Global Momentum Et
FGX,Faircourt Gold Income Co
FHB-A,First Asset Hamilton Cap
FHD,First Trust Alphadex US
FHF,First Trust Alphadex US
FHH,First Trust Alphadex US
FHQ,First Trust Alphadex US
FIE,Ishares CDN Fin Mthly In
FIG,First Asset Investment Grade Bond ETF
FLB,Fa Long Dur Fixed Inc ETF
FLI-A,First Asset US Cda Lifec
FN,First National Financial
FN-PR-B,First National Financial Corp Pref B
FNV,Franco-Nevada Corporatio
FPR,Fa Preferred Share ETF
FR,First Majestic Silver Co
FRL-UN,Senior Secured Floating
FRX,Fennec Pharmaceuticals I
FSD-A,First Trust Sh Dur Hi Yld Bnd E
FSL,First Trust Senior Loan
FSR,First Trust DW Dyn US Sctr Idx ETF
FST-A,First Trust CDN Capital Strength ETF AC
FSY,Forsys Metals Corp.
FT,Fortune Mnrl J
FTG,Firan Technology Group C
FTN-PR-A,Financial 15 Split Corp
FTP-DB-A,Fortress Paper Ltd 7 Pct
FTS-PR-F,Fortis Inc. Preferred S
FTS-PR-H,Fortis Inc. Pref Series
FTS-PR-J,Fortis Inc Pref Series J
FTS-PR-M,Fortis Inc Pref Series M
FTU,US Financial 15 Split Co
FUD,First Trust Alphadex US
FUM,Fa US Equity Multi Factor Idx ETF
FVI,Fortuna Silver Mines Inc
FXM,F A Morningstar Cda Valu
GAF-UN,Global Alpha Worldwide G
GBF,Globalance Dividend Growers Corp
GBG-WT,Gibraltar Growth Corp Wts
GBU,Gabriel Res J
GCG,Guardian Capital
GCL,Colabor Group Inc.
GCM,Gran Colombia Gold Corp.
GCM-DB-V,Gran Colombia Gold Corp 6.00 Pct Debs
GCS-PR-A,Global Champions Split C
GDC,Genesis Land J
GDI,Gdi Integrated Facility
GDL,Goodfellow Inc
GEI,Gibson Energy Inc
GEN,Genenews Limited
GGA,Goldgroup Mining Inc
GGD-WT,Gogold Resources Inc Wts
GIB-A,CGI Group Inc. Cl.A Sv
GIL,Gildan Activewear Inc.
GMM-U,General Motors Company
GMP,Gmp Capital Inc.
GMP-PR-C,Gmp Capital Inc Series C Preferred
GPR,Great Panther Silver Lim
GQM,Golden Queen Mng J
GRL,Global Real Estate Div G
GRT-UN,Granite Real Estate Inve
GSB-UN,Goldman Sachs US Income
GSY,Easyhome Ltd.
GTX,Gran Tierra Exchangeco I
GUY,Guyana Goldfields Inc
GWO,Great-West Lifeco Inc
GWO-PR-G,Great-West Lifeco Inc. P
GWO-PR-I,Great-West Lifeco Inc.
GWO-PR-M,Great West Lifeco Pref S
GWO-PR-O,Great West Lifeco Pref Series O
GWO-PR-Q,Great West Lifeco Pref S
GWO-PR-S,Great West Lifeco Pref S
GXE,Gear Energy Ltd
GZT,Gazit Globe Ltd
G,Goldcorp Inc
GAS,Canadian Natural Gas Index ETF
GBG-A,Gibraltar Growth Corp Cl A
GBT,Bmtc Group Inc.
GC,Great Canadian Gaming Co
GCG-A,Guardian Capital Group L
GCL-DB-A,Colabor Group Inc 5.70 C
GCM-DB-U,Gran Colombia Gold Corp 1.00 Pct Debs
GCM-WT-A,Gran Colombia Gold Corp
GCT,Gvic Communications Corp
GDG-UN,Global Dividend Growers
GDI-DB,Gdi Integrated Fclty Svcs 5.0 Pct Debs
GDS,Gendis Inc
GEI-DB,Gibson Energy Inc 5.25 Pct Debs
GEO,Geodrill Limited
GGD,Gogold Resources Inc
GH,Gamehost Inc.
GII-UN,Global Div Inv Gr. Incom
GLG,Glg Life Tech Corporatio
GMO,General Moly Inc.
GMP-PR-B,Gmp Capital Inc Series B
GMX,Globex Mining Enterprise
GPS,Bsm Technologies Inc
GQM-WT,Golden Queen Mng Wts
GRP-PR-A,Global Resource Champ Split Pref Ser 1
GS,Gluskin Sheff   Associat
GSC,Golden Star
GTE,Gran Tierra Energy Inc.
GUD,Knight Therapeutics Inc
GVC,Glacier Media Inc
GWO-PR-F,Great-West Lifeco Inc.
GWO-PR-H,Great-West Lifeco Inc.
GWO-PR-L,Great-West Lifeco Inc Pr
GWO-PR-N,Great West Lifeco Inc Pr
GWO-PR-P,Great West Lifeco Inc 5.
GWO-PR-R,Great West Lifeco Inc Se
GWR,Gwr Global Water Resourc
GXO,Granite Oil Corp
HAB,Horizons Active Corporat
HAC-A,Horizons Seasonal Rotati
HAF,Horizons Active Global F
HAJ-A,Horizons Active Emrg Mkt
HAL-A,Horizons Active CDN Divi
HAU,Horizons Active US Divid
HAU-U,Horizons Active US Dividend ETF USD
HAZ-A,Horizons Active Global D
HBC,Hudsons Bay Company
HBF,Brand Leaders Plus Income ETF
HBG,Hamilton Capital Global Bank ETF
HBM,Hudbay Minerals Inc.
HBP,Helix Biopharm
HCG,Home Capital Group Inc.
HE,Hanwei Energy Services C
HEA-A,Horizons Enhd Inc US Equ
HED,Horizons BP SP TSX Energ
HEE-A,Horizons Enhd Income Ene
HEJ,Horizons Enhd Inc Intl E
HEN-UN,Energy Leaders Income Fd
HEP-A,Horizons Enhd Income Gol
HEU,Horizons Betapro S&P/Tsx
HEX,Horizons Enhanced Income
HFD,Horizons BP SP TSX Cap F
HFR,Horizons Active Floating
HFU,Horizons Betapro S&P/Tsx
HGD,Horizons BP Gold Bear Pl
HGM,Horizons Managed Global
HGN,Halogen Software Inc
HGY,Horizons Gold Yield ETF
HHF,Horizons Morningstar Hdg
HHL,Healthcare Leaders Income ETF
HID,Wisdomtree US High Div Idx ETF
HII,Horizons CDN Insider Ind
HIX,Horizons Betapro S&P/Tsx
HLC-DB,Holloway Lodging Corp 6.
HLF,High Liner
HLP-U,Mainstreet Health Investments Inc
HMA-A,Horizons Managed Ma Mome
HMF-A,Horizons Auspice Managed
HMP,Horizons Active CDN Muni
HND,Horizons Betapro Nymex N
HNU,Horizons Beta Pro Nymex
HNZ,Hnz Group Inc.
HOG,Horizons CDN Midstream O
HOU,Horizon Betapro Nymex Cr
HPF-U,Energy Leaders Plus Income ETF USD
HPR-A,Horizons Active Preferre
HQD,Horizons Betapro Nasdaq1
HR-DB-D,Hr REIT 5.90 Pct Conv De
HR-DB-H,Hr REIT 5.40 Pct Debs
HRA,Horizons Global Risk Parity ETF
HRT,Harte Gold Corp
HSB-PR-C,HSBC Bank Canada Pr. C
HSD,Horizons BP Sp500 Bear P
HSE-PR-A,Husky Energy Inc Pref Se
HSE-PR-C,Husky Energy Inc Pref Se
HSE-PR-G,Husky Energy Inc Pref Se
HSL,Horizons Active Float Ra
HSM-S,Helius Medical Technologies Inc Reg S
HSU,Horizons Betapro S&P 500
HTB,Horizons US 7 To 10 Yr T
HTD,Horizons Betapro U.S 30
HTO-UN,Global Water Solutions F
HUF,Horizons Active US Float
HUG,Horizons Comex Gold ETF
HUL-U,US Buyback Leaders ETF USD
HUV,Horizons BP Sp500 VIX ST
HVI,Horizons BP Sp500 VIX ST
HWD,Hardwoods Distribution I
HWO,High Arctic Energy Servi
HXE,Horizons SP TSX Capped E
HXH,Horizons CDN High Dividend Index ETF
HXQ-U,Horizons Nasdaq 100 Index ETF USD
HXS-U,Horizons SP 500 Index Et
HXT-U,Horizons SP TSX 60 Index
HXX,Horizons Euro Stoxx 50 Index ETF
HYD,Hyduke Energy Services I
HYI,Horizons Active High Yie
HZD,Horizons BP Comex Silver
HZU,Horizons BP Comex Silver
H,Hydro One Limited
HAC,Horizons Seasonal Rotati
HAD,Horizons Active CDN Bond
HAJ,Horizons Active Emerging
HAL,Horizons Active CDN Divi
HARC,Horizons Abs Return Global Currency ETF
HAU-A,Horizons Active US Dividend ETF AC
HAZ,Horizons Active Global D
HBB,Horizons CDN Select Univ
HBD,Horizons Betapro Comex G
HBF-U,Brand Leaders Plus Income ETF USD
HBL-UN,Brand Leaders Income Fun
HBM-WT,Hudbay Minerals Inc Wts
HBU,Horizons Betapro Comex G
HCN,Horizons China High Dividend Yield ETF
HEA,Horizons Enhd Income US
HEA-U,Horizons Enhd Income US
HEE,Horizons Enhanced Income
HEF,Horizons Enhanced Income
HEJ-A,Horizons Enhd Inc Intl E
HEP,Horizons Enhanced Income
HER,Heron Resources Limited
HEW,Horizons Sp/Tsx 60 Equal
HEX-A,Horizons Enhd Income Equ
HFP,Horizons Active Flt Rate
HFR-A,Horizons Active Floating
HGC,Horizons Global Currency Opp ETF
HGI-UN,Global Adv Telecom Utili
HGM-A,Horizons Managed Global Opper E
HGU,Horizons BP SP TSX Globa
HGY-A,Horizons Gold Yield ETF
HHF-A,Horizons Morningstar Hdg
HHY-UN,High Rock CDN High Yield
HIG-UN,Global Healthcare Inc and Grwth Fd
HIU,Horizons Betapro SP 500
HLC,Holloway Lodging Corpora
HLC-DB-A,Holloway Lodging Corp 7.
HLP-DB-U,Mainstreet Health Inv Inc 5.00 Pct Debs
HMA,Horizons Managed Ma Mome
HMF,Horizons Auspice Managed
HMM-A,Hammond Manufacturing Co
HMP-A,Horizons Active CDN Muni
HNL,Horizon North Logistics
HNY,Horizons Natural Gas Yie
HOD,Horizon Beta Pro Nymex C
HOT-UN,American Hotel Income Pr
HPF,Energy Leaders Plus Income ETF
HPR,Horizons Active Preferre
HPS-A,Hammond Power Solutions
HQU,Horizons Betapro Nasdaq1
HR-DB-E,Hr REIT 4.50 Pct Ser E D
HR-UN,H&R Real Estate Inv Trus
HRR-UN,Australian REIT Income F
HRX,Heroux-Devtek
HSB-PR-D,HSBC Bank Canada Cl.1 Pr
HSE,Husky Energy Inc.
HSE-PR-B,Husky Energy Inc Pref Series 2
HSE-PR-E,Husky Energy Inc Pref Se
HSH,Horizons Sp500 CAD Hedged Index ETF
HSM,Helius Medical Technologies Inc
HSM-WT-S,Helius Medical Technologies Reg S Wts
HTA-UN,Tech Achievers Growth An
HTB-U,Horizons US 7 To 10 Yr T
HTH,Horizons US 7 10 Yr Treas Bd CAD Heg ETF
HUC,Horizons Nymex Crude Oil
HUF-U,Horizons Active US Float
HUL,US Buyback Leaders ETF
HUN,Horizons Nymex Natural G
HUZ,Horizons Comex Silver Et
HVU,Horizons BP Sp500 VIX ST
HWF-UN,Middlefield Healthcare Wellness Div
HXD,Horizons Betapro S&P/Tsx
HXF,Horizons SP TSX Capped F
HXQ,Horizons Nasdaq 100 Index ETF
HXS,Horizons SP 500 Index Et
HXT,Horizons SP Tsx60 Index
HXU,Horizons Betapro S&P/Tsx
HYB-UN,Ddj High Yield Fund
HYG,Hydrogenics Corporation
HYI-A,Horizons Active High Yie
HZM,Horizonte Minerals Plc
IAC-A,Infor Acquisition Corp C
IAE,Ithaca Energy Inc
IAG-PR-A,Industrial Alliance Ins
IAM,Integrated Asset Managem
IBG-DB-C,Ibi Group Inc 7.0 Pct De
ICE,Canlan ICE Sports Corp.
IDG,Indigo Books & Music Inc
IDX-UN,Indexplus Income Fund.
IFB-UN,Investment Grade Infrstr
IFC-PR-A,Intact Financial Corp Pr
IFC-PR-D,Intact Financial Corp Pref Shares Ser 4
IFP,Interfor Corporation
IGM,Igm Financial Inc.
IHL-UN,ING High Income Floating
IIP-UN,Interrent Real Estate In
IMG,Iamgold Corp
IMP,Intermap Tech Corp.
INC-UN,Income Fin Un
INE-DB-A,Innergex Renewable Energ
INE-PR-C,Innergex Renewable Energ
INQ,Inscape Corp. Sv
IPL,Inter Pipeline Ltd
IQD,Wisdomtree Intl Qlty Div Gwth Idx ETF
IRD,Intl Road Dynam
IRG-WT,Imvescor Restaurant Grou
ISL-UN,ING Floating Rate Senior
IT,The Intertain Group Limi
ITC,Intrinsyc Technologies C
ITP,Intertape Polymer
I,Intellipharmaceutics Int
IAC-WT,Infor Acquisition Corp W
IAG,Industrial Alliance Ins
IAG-PR-G,Industrial Alliance Pref
IBG,Ibi Group Inc.
IBG-DB-D,Ibi Group Inc 5.50 Pct Debs
ICP,Ic Potash Corp
IDR-UN,REIT Indexplus Income Fu
IFA,Ifabric Corp
IFC,Intact Financial Corpora
IFC-PR-C,Intact Financial Corp Pr
IFL-UN,ING Diversified Float Ra
IGG,Innova Gaming Group Inc
IGM-PR-B,Igm Financial Inc 5.90 P
III,Imperial Metals Corp
ILV,Powershares SP Intl Dev
IMO,Imperial Oil
IMV,Immunovaccine Inc
INE,Innergex Renewable Energ
INE-PR-A,Innergex Renewable Energ
INO-UN,Inovalis REIT
INV,Inv Metals Inc.
IPO,Inplay Oil Corp
IQD-B,Wisdomtree Intl Qlty Div Gwth Idx ETF Nh
IRG,Imvescor Restaurant Grou
ISL-U,ING Floating Rate Senior
ISV,Information Services Cor
IT-DB,The Intertain Group Limi
ITH,International Tower Hill
IVN,Ivanhoe Mines Ltd
JE,Just Energy Group Inc
JE-DB-B,Just Energy Group Inc 5.
JFS-UN,Jft Strategies Fund
JAG,Jaguar Mining Inc
JE-DB,Just Energy Group Inc. 6
JE-DB-C,Just Energy Group Inc 6.75 Pct Debs
JOY,Journey Energy Inc
KAT,Katanga Mining Limited
KDX,Klondex Mines Ltd.
KEL,Kelt Exploration Ltd
KER,Kerr Mines Inc
KEW-WT,Kew Media Group Inc Wts
KFS,Kingsway Fin
KL,Kirkland Lake Gold Ltd
KLG-DB-A,Kirkland Lake Gold Inc 7.50 Pct Debs
KMP-DB-B,Killam Properties Inc 5.
KOR,Corvus Gold Inc
KRN,Karnalyte Resources Inc
KXS,Kinaxis Inc
K,Kinross Gold Corp.
KBL,Kbro Linen Inc.
KEG-UN,Keg Royalties Income Fun
KEL-DB,Kelt Exploration Ltd 5.0 Pct Debs
KEW-A,Kew Media Group Inc Cls A
KEY,Keyera Corp
KFS-WT-V,Kingsway Fin Svcs Warran
KLG-DB,Kirkland Lake Gold Inc 6.00 Pct Debs
KLS,Kelso Technologies Inc
KMP-UN,Killam Apartment REIT
KPT,Kp Tissue Inc
KWH-UN,Crius Energy Trust
L-PR-B,Loblaw Companies Ltd 2Nd
LAC-WT,Lithium Americas Corp Wts
LAS-A,Lassonde Industries Inc.
LB-PR-F,Laurentian Bank of Cda P
LB-PR-J,Laurentian Bank of Cda Pr Ser 15
LBS-PR-A,Life & Banc Split Corp.
LCS-PR-A,Brompton Lifeco Split Co
LFE,Canadian Life Companies
LFX,Leadfx Inc
LGO,Largo Resources Ltd.
LGQ-DB-A,Logiq Asset Mgmt Inc 7.00 Pct Debs
LGT-B,Logistec Corporation Cl
LIQ,Liquor Stores Na Ltd.
LIQ-DB-B,Liquor Stores Na Ltd 4.70 Pct Debs
LN,Loncor Resources Inc
LNR,Linamar Corp
LRT-DB-G,Lanesborough REIT 9.5 PC
LUC,Lucara Diamond Corp
LUN,Lundin Mining Corp.
LVU-UN,Low Volatility US Equity
LYD-WT,Lydian International Limited Wts
L,Loblaw Co
LAC,Lithium Americas Corp
LAM,Laramide Resources Ltd.
LB,Laurentian Bank
LB-PR-H,Laurentian Bank of Cda P
LBS,Life & Banc Split Corp.
LCS,Brompton Lifeco Split Co
LEX,Lexam VG Gold Inc
LFE-PR-B,Canadian Life Split 2012
LGC,Luna Gold Corp
LGQ,Logiq Asset Management Inc.
LGT-A,Logistec Corporation Cl
LIF,Labrador Iron Ore Royalt
LIQ-DB-A,Liquor Stores N.A. Ltd 5
LMP,Lumenpulse Inc
LNF,Leons Furniture
LOW-UN,Low Volatility CDN Equit
LRT-UN,Lanesborough R.E. Invest
LUG,Lundin Gold Inc
LVN,Levon Resources Ltd
LYD,Lydian International Lim
MAL,Magellan Aero
MAW,Mawson Resources Ltd
MAY,Meadow Bay Gold Corp
MBB-UN,Aston Hill Adv Bond Fund
MBN,Mbn Corporation
MBX,Microbix J
MDA,Macdonald Dettwiler
MDI,Major Drilling Grp
ME,Moneta Porcupine J
MEQ,Mainstreet Eq J
MEU,Mackenzie Max Diversif Dev EUR Idx ETF
MFC-PR-B,Manulife Financial Corp
MFC-PR-F,Manulife Financial Corp
MFC-PR-H,Manulife Financial Corp
MFC-PR-J,Manulife Financial Corp
MFC-PR-L,Manulife Financial Corp
MFC-PR-N,Manulife Financial Corp
MFC-PR-P,Manulife Financial Corp Class 1 Sh Ser 4
MFI,Maple Leaf Foods
MFT,Mackenzie Floating Rate Income
MGA,Mega Uranium Ltd.
MIC,Genworth Mi Canada Inc.
MIF-UN,Marquest CDN Equity Inco
MKC,Mackenzie Max Dvrs Cda Index ETF
MKZ-UN,Mackenzie Mstr Un
MLF-UN,Moneda Latam Fixed Incom
MMM,Minco Gold Corporation
MND,Mandalay Resources Corpo
MNS-U,Royal CDN Mint CDN Svr R
MNT-U,Royal Canadian Mint CDN
MOGO,Mogo Finance Technology Inc
MPC,Madison Pac Cl B
MPV,Mountain Prov J
MQA-UN,Macquarie Emerging Mkts
MR-DB,Melcor REIT 5.50 Pct Deb
MRC,Morguard Corp.
MRE,Martinrea International
MRG-UN,Morguard Na Residential
MRT-DB-A,Morguard REIT 4.85 Pct D
MRU,Metro Inc
MSI-DB-A,Morneau Shepell Inc 4.75 Pct Debs
MST-UN,Milestone Apartments Rei
MTL,Mullen Group Ltd.
MUB,Mackenzie Unconstrained Bond ETF
MUX,Mcewen Mining Inc
MX,Methanex Corp
MXF-A,First Asset Can-Material
MXU,Mackenzie Max Divers Wrld Dev Ex Na Idx
MAG,MAG Silver Corp.
MAR,Marret Resource Corp
MAX,Midas Gold Inc
MBA,Cibt Education Group Inc
MBK-UN,Manulife US Regional Ban
MBT,Manitoba Telecom
MCB,Mccoy Global Inc
MDF,Mediagrif Interac
MDS-UN,Healthcare Special Opp F
MEG,Meg Energy Corp.
MERC-U,Mercer International Inc
MFC,Manulife Fin
MFC-PR-C,Manulife Financial Corp.
MFC-PR-G,Manulife Financial Non C
MFC-PR-I,Manulife Financial Corp
MFC-PR-K,Manulife Financial Corp
MFC-PR-M,Manulife Financial Corp
MFC-PR-O,Manulife Financial Corp Pref Series 21
MFC-PR-R,Manulife Financial Corp Pref Series 23
MFR-UN,Manulife Floating Rate S
MG,Magna International Inc
MGB,Mackenzie Core Pls Glob Fixed Inc ETF
MID-UN,Mint Income Fund
MKB,Mackenzie Core Pls CDN Fixed Income ETF
MKP,Mcan Mortgage Corporatio
MLD-UN,Moneda Latam Corp Bond F
MM,Mood Media Corporation
MMP-UN,Precious Metals and Mini
MNS,Royal CDN Mint CDN Silve
MNT,Royal Canadian Mint CDN
MNW,Mitel Networks Corporati
MOZ,Marathon Gold Corporatio
MPC-C,Madison Pacific Properti
MPVD,Mountain Province Diamonds Inc.
MQI-UN,Macquarie Global Infr In
MR-UN,Melcor REIT
MRD,Melcor Dev
MRG-DB,Morguard Na REIT 4.65 PC
MRT-DB,Morguard REIT 4.50 Pct Debs
MRT-UN,Morguard Un
MSI,Morneau Shepell Inc.
MSL,Merus Labs International
MSV,Minco Silver Corp.
MTY,Mty Food Group Inc
MUS,Mackenzie Max Dvrs US Index ETF
MWD,Mackenzie Max Diversif World Dev Idx ETF
MXF,First Asset Can-Material
MXG,Maxim Power Corp.
NA-PR-A,National Bank Pref Series 36
NA-PR-S,National Bank Pref Serie
NA-PR-X,National Bank Pref Series 34
NAL,Newalta Corporation
NBZ,Northern Blizzard Resour
NCD-UN,North American Adv Cover
NCU,Nevada Copper Corp.
NDM-WT,Northern Dynasty Minerals Ltd Wts
NDM-WT-B,Northern Dynasty Minerals Ltd Wts B
NEPT,Neptune Technologies & Bioressources
NEW-PR-D,Newgrowth Corp Class B P
NFI-DB-U,New Flyer Industries Inc
NGD,New Gold Inc.
NGI-UN,Ndx Growth and Income Fu
NHC,Nobilis Health Corp
NIF-UN,Noranda Income Fund
NKO,Niko Res
NLN,Neulion Inc.
NMX,Nemaska Lithium Inc
NOA,North American Energy Pa
NPF-UN,North American Preferred
NPI-DB-B,Northland Power Inc 5.00
NPI-PR-A,Northland Power Preferre
NPI-PR-C,Northland Power Inc Pref
NPS,Northern Power Systems C
NRF-UN,North American REIT Inco
NRI,Nuvo Research Inc
NUS,Nautilus Minerals Inc.
NVC,Neovasc Inc
NVU-DB,Northview Apartment REIT 5.75 Pct Debs
NWC,The North West Company I
NWH-DB-B,Northwest Healthcare Pro
NWH-DB-D,Northwest Healthcare Prop 5.50 Pct Debs
NWH-DB-F,Northwest Healthcare Prop 5.25 Pct Debs
NXC,Nexc Partners Corp
NXF,First Asset Energy Giant
NXJ,Nexj Systems Inc
NA,National Bank of Canada
NA-PR-Q,National Bank Pref Serie
NA-PR-W,National Bank Pref Serie
NAF-UN,North American Financial
NB,Niocorp Developments Ltd
NCC-A,Newfoundland Capital Cor
NCF,Northcliff Resources Ltd
NDM,Northern Dynasty Mineral
NDM-WT-A,Northern Dynasty Minerals Ltd Wts A
NDQ,Novadaq Technologies Inc
NEW-A,Newgrowth Cl A
NFI,New Flyer Industries Inc
NG,Novagold Res Inc.
NGD-WT-A,New Gold Inc. Warrants
NGQ,Ngex Resources Inc.
NHC-WT,Nobilis Health Corp Wts
NII,Norsat International Inc
NKO-NT,Niko Resources Ltd 7.00
NML,New Millennium Iron Corp
NMX-WT,Nemaska Lithium Inc Wts
NPC,Napec Inc
NPI,Northland Power Inc.
NPI-DB-C,Northland Power Inc 4.75
NPI-PR-B,Northland Power Inc Pref Series 2
NPK,Verde Potash Plc
NRE,Namibia Rare Earths Inc
NRGY-UN,Sprott Energy Opportunities Trust
NSU,Nevsun Res J
NVA,Nuvista Energy Ltd.
NVLN,Novelion Therapeutics Inc
NVU-UN,Northview Apartment REIT
NWH-DB,Northwest Healthcare Pro
NWH-DB-C,Northwest Healthcare Pro
NWH-DB-E,Northwest Healthcare Prop 5.25 Pct Debs
NWH-UN,Northwest Healthcare Pro
NXE,Nexgen Energy Ltd
NXF-B,First Asset Energy Giant
OGC,Oceanagold Corporation
OLY,Olympia Financial Group
ONC,Oncolytics Bio
ONR-DB-B,Onereit 5.45 Pct Debs
ONR-UN,Onereit
OR-WT,Osisko Gold Royalties Lt
ORA,Aura Minerals  Inc.
ORT,Orbite Aluminae Inc
OSB,Norbord Inc.
OSK,Osisko Mining Inc.
OSL-UN,Ocp Senior Credit Fund
OSP-PR-A,Brompton Oil Split Corp
OTC,Open Text Corp
OXF,First Asset Can-Energy C
OCS-UN,Ocp Credit Strategy Fund
OGD,Orbit Garant Drilling In
OMI,Orosur Mining Inc
ONEX,Onex Corporation Sv
ONR-DB-C,Onereit 5.50 Pct Debs
OR,Osisko Gold Royalties Lt
OR-WT-A,Osisko Gold Royalties Ltd Wts A
ORL,Orocobre Limited
ORV,Orvana Minerals J
OSF-UN,Oil Sands Sector Fund
OSK-WT,Osisko Mining Inc Wts
OSP,Brompton Oil Split Corp
OSU,Orsu Metals Corporation
OXC,Oryx Petroleum Corporati
P-DB-V,Primero Mining Corp. 5.7
PAA,Pan American J
PAR-DB-B,Partners REIT 5.5 Pct De
PATH,Counterpath Corporation
PBD,Purpose Total Return Bon
PBH-DB-D,Premium Brands Holdings
PBH-DB-F,Premium Brands Hld Corp 4.60 Pct Debs
PBI-B,Purpose Best Ideas Fund
PBU-UN,Precious Metals Bullion
PCD-UN,Pathfinder Income Fund
PCF-UN,Energy Credit Opp Income
PD,Precision Drilling Corpo
PDF,Purpose Core Dividend Fu
PDN,Paladin Energy Ltd.
PDV-PR-A,Prime Dividend Corp Pref
PEN,Pennant Energy Inc
PEU,Purpose Enhanced US Equi
PEY,Peyto Exploration and Dv
PFD-UN,Limited Duration Inv Gr
PFH-F,Powershares HY Corp Bond Index ETF
PFT-UN,Canadian Preferred Share
PG,Premier Gold Mines Ltd.
PGF,Pengrowth Energy Corpora
PGI-UN,Pimco Global Inc Opportu
PGLC,Pershing Gold Corporation
PHE-B,Purpose Tactical Hedged
PHS-U,Sprott Physical Silver T
PHX,Phx Energy Services Corp
PIC-A,Premium Income A
PID,Purpose Intl Dividend Fu
PIH,Pacific Insight Electron
PJC-A,Jean Coutu Group (Pjc) I
PKI-R,Parkland Fuel Corporation Sub Receipts
PLG,Pilot Gold Inc
PLI,Prometic Life Sciences I
PLV,Powershares Low Vol Port
PLZ-DB-D,Plaza Retail REIT 5.75 P
PMB-UN,Picton Mahoney Tactical
PMM,Purpose Multi Strategy M
PMT,Perpetual Energy Inc.
PNC-B,Postmedia Network Canada
PNP,Pinetree Capital Ltd
POM,Polymet Mining Corp.
POU,Paramount Resources Ltd.
POW-PR-A,Power Corp A Pr
POW-PR-C,Power Corp of Canada 5.8
POW-PR-F,Power Corp 1St Pr
PPL,Pembina Pipeline Corpora
PPL-PR-A,Pembina Pipeline Corp Pr
PPL-PR-E,Pembina Pipeline Corp Pr
PPL-PR-I,Pembina Pipeline Corp Pr
PPL-PR-M,Pembina Pipeline Corp Pref Ser 13
PPS,Powershares CDN Pref Sha
PPY,Painted Pony Petroleum L
PRA,Purpose Diversified Real
PRK,Potash Ridge Corporation
PRQ,Petrus Resources Ltd
PRW,Petrowest Corporation
PSB,Pwrshrs 1 To 5 Yr  Ladde
PSI,Pason Systems Inc.
PSU-U,Purpose US Cash ETF
PSY-U,Pwrshr Glb Sharehldr Yield USD
PTG,Pivot Technology Solutio
PTS,Points International Ltd
PUD,Purpose US Dividend Fund
PUR,Pure Technologies Ltd
PVS-PR-B,Partners Value Split Cor
PVS-PR-D,Partners Value Split Cor
PWC,Pwc Capital Inc
PWC-PR-A,Pwc Capital Inc Pref Cla
PWF,Power Financial Corp.
PWF-PR-E,Power Fin Ser D Pr
PWF-PR-G,Power Financial Corp 5.9
PWF-PR-I,Power Financial Corp 6%
PWF-PR-L,Power Financial Corp Ser
PWF-PR-P,Pwr Fnl Corp 4.40 Non Cu
PWF-PR-R,Power Financial Corp 5.5
PWF-PR-T,Power Financial Corp 4.2
PXC,Powershr FTSE Rafi CAD I
PXG,Pwrshr FTSE Rafi Global
PXS,Pwrshr FTSE Rafi US Fdam
PXU,Powershr FTSE Rafi US Id
PXX,Blackpearl Resources Inc
PZA,Pizza Pizza Royalty Corp
PZW,Pwrshr FTSE Rafi Glb Sml
P,Primero Mining Corp
P-WT-C,Primero Mining Corp Wts
PAR-DB-A,Partners REIT 6 Pct Debs
PAR-UN,Partners REIT Units
PAY,Posera Hdx Ltd
PBH,Premium Brands Holdings
PBH-DB-E,Premium Brands Hld Corp 4.65 Pct Debs
PBI,Purpose Best Ideas Fund
PBL,Pollard Banknote Limited
PBY-UN,Canso Credit Income Fund
PCF-U,Energy Credit Opp Income
PCY,Prophecy Development Cor
PDC,Powershares CDN Div Idx
PDL,N A Palladium
PDV,Prime Dividend Corp. Cl
PEG,Pattern Energy Group Inc
PER,Perk.Com Inc
PEU-B,Purpose Enhanced US Equi
PFB,Pfb Corp
PFH,Powershares HY Corp Bond
PFL,Powershares 1 To 3 Yr La
PFU-UN,Investment Grade Managed
PGD,Peregrine Diamonds Ltd.
PGF-DB-B,Pengrowth Energy Corp 6.
PGL,Powershares Ultra Liquid
PHE,Purpose Tactical Hedged
PHR,Purpose Duration Hedged
PHW,Purpose Intl Tactical He
PHY-U,Sprott Physical Gold Tru
PIC-PR-A,Premium Income Pr
PIF,Polaris Infrastructure I
PIN,Purpose Monthly Income F
PKI,Parkland Fuel Corporatio
PLC,Park Lawn Corporation
PLG-WT,Pilot Gold Inc Wts
PLS,Polaris Materials Corpor
PLZ-DB-C,Plaza Retail REIT 7.00 P
PLZ-UN,Plaza Retail REIT
PME,Sentry Select Primary Me
PMN,Promis Neurosciences Inc
PNC-A,Postmedia Network Canada
PNE,Pine Cliff Energy Ltd
PNT,CPI Card Group Inc
POT,Potash Corp of Sask Inc
POW,Power Corporation of Can
POW-PR-B,Power Corp. Preferred Sh
POW-PR-D,Power Corp  Non-Cum 1St
POW-PR-G,Power Corp of Canada 5.6
PPL-DB-F,Pembina Pipeline Corp. 5
PPL-PR-C,Pembina Pipeline Corp Pr
PPL-PR-G,Pembina Pipeline Corp Pr
PPL-PR-K,Pembina Pipeline Corp Pref Series 11
PPR,Prairie Provident Resources Inc
PPT-U,Sprott Physical Platinum
PR,Lysander Slater Pref Sha
PRF-UN,Pinebridge Inv Grade Pre
PRP,Purpose Conservative Income Fund ETF
PRU,Perseus Mining Limited
PSA,Purpose High Interest Sa
PSD,Pulse Seismic Inc.
PSK,Prairiesky Royalty Ltd
PSY,Pwrshr Glb Sharehldr Yie
PTB,Powershares Tactical Bon
PTM,Platinum Group Metals Lt
PUB-UN,US Banks Income and Growth Fund
PUD-B,Purpose US Dividend Fund
PVG,Pretium Resources Inc.
PVS-PR-C,Partners Value Split Cor
PVS-PR-E,Partners Value Split Corp Pref Ser 7
PWC-NT-C,Pwc Capital Inc 9 Pct Se
PWC-PR-B,Pwc Capital Inc Pref Cla
PWF-PR-A,Power Fin Ser A Pr
PWF-PR-F,Power Financial Corp. Pr
PWF-PR-H,Power Financial Corp 5.7
PWF-PR-K,Power Fin Corp 4.95% Ser
PWF-PR-O,Power Financial Corp 5.8
PWF-PR-Q,Power Fin Corp 4.40 Pct Pref Ser Q
PWF-PR-S,Power Financial Corp Pre
PWT,Penn West Petroleum Ltd.
PXF,First Asset Provincial B
PXG-U,Pwrshr FTSE Rafi Global Plus Fdamntl USD
PXT,Parex Resources Inc
PXU-F,Powershares FTSE Rafi US Fund Idx ETF
PYF,Purpose Premium Yield Fund ETF
PZC,Pwrshr FTSE Rafi CDN Sml
PZW-U,Pwrshr FTSE Rafi Glb Sml Mid Fdamntl USD
QBR-B,Quebecor Inc. Cl.B Sv
QEC,Questerre Energy Corp
QMG,Questrade Rus US Mc Grwt
QQC,Powershares QQQ CAD Hdg
QRH,Questrade Rus 1000 Eq US
QRM,Quest Rare Minerals Ltd
QRT,Questrade Rus 1000 EW US
QSR,Restaurant Brands Intern
QXM-A,F A Morningstar Nb Quebe
QBR-A,Quebecor Inc. Cl.A Mv
QCP,Questrade Fixed Inc Core Plus ETF
QGE,Questrade Global Total Equity ETF
QMV,Questrade Rus US Mc Val
QQC-F,Powershares QQQ Index ETF
QRI,Questrade Rus 1000 EW US
QRM-WT,Quest Rare Minerals Ltd
QSP-UN,Restaurant Brands Intl L
QXM,F A Morningstar Nb Quebe
RAI-UN,Real Asset Income and Gr
RAY-A,Stingray Digital Group I
RBA,Ritchie Bros Auctioneers
RBO,RBC 1 To 5 Yr Laddered C
RBS-PR-B,R Split III Corp Pref Cl
RCD,RBC Quant CDN Dividend L
RCH,Richelieu Hardware
RCI-B,Rogers Communications In
RDI,Rockwell Diamonds Inc
RDL,Redline Communications G
REI-PR-C,Riocan REIT Pref Series
RET,Reitmans Canada
RFP,Resolute Forest Products
RHF,RBC Quant EAFE Equity Ldrs [Ca
RHP,RBC Quant European Div L
RHU,RBC Quant US Div Leaders
RIC,Richmont Mines
RID-U,RBC Quant EAFE Div Leade
RIE-U,RBC Quant EAFE Equity Leaders ETF USD
RIG-U,RBC Quant Global Infras Leaders ETF USD
RIT,First Asset Canadian REIT ETF
RKN,Redknee Solutions Inc.
RME,Rocky Mountain Dealershi
RMX,Rubicon Minerals Corp.
RNW,Transalta Renewables Inc
RPD,RBC Quant European Div L
RPF,RBC Canadian Preferred Share ETF
RQE,RBC Target 2017 Corp Bon
RQG,RBC Target 2019 Corp Bon
RQI,RBC Target 2021 Corp Bon
RQK,RBC Target 2023 Corp Bond Idx ETF
RSI,Rogers Sugar Inc
RSI-DB-D,Rogers Sugar 5.75 Pct Co
RTU-UN,CDN Resources Un
RUD-U,RBC Quant US Div Leaders
RUS,Russel Metals
RWC,First Asset MSCI Canada
RWE,First Asset MSCI Europe
RWE-B,First Asset MSCI Europe
RWU,First Asset MSCI USA Lr
RWU-D,First Asset MSCI USA Lr Wgtd Unhg AC ETF
RWW-A,First Asset MSCI Wld Low
RXD,RBC Quant Emerging Mkts
RXE,RBC Quant Emerg Mkts Equity Leaders ETF
RY-PR-A,Royal Bank of Canada Pr
RY-PR-C,Royal Bank of Can. First
RY-PR-E,RBC Non-Cum First Pr Shs
RY-PR-G,RBC Non-Cum First Pr Ser
RY-PR-I,Royal Bank  Pref Series
RY-PR-K,Royal Bank Pref Series A
RY-PR-M,Royal Bank Pref Series B
RY-PR-O,RBC Pref Shares Series B
RY-PR-Q,RBC Pref Shares Series Bk
RY-PR-W,RBC 4.90% Ser. W
R,Red Eagle Mining Corp
RAV-UN,Ravensource Fund
RAY-B,Stingray Digital Group I
RBN-UN,Blue Ribbon Income Fund
RBS,R Split III Corp. Capita
RC,Rdm Corp
RCE,RBC Quant Canadian Equit
RCI-A,Rogers Communications In
RCO-UN,Middlefield Can Global R
RDK,Redhawk Resources Inc
REF-UN,CDN Real Estate Un
REI-UN,Riocan Real Est Un
RET-A,Reitmans (Canada) Ltd.
RGX,Argex Titanium Inc
RHI,RBC Quant EAFE Div Leade
RHS,RBC Quant US Equity Lead
RIB-UN,Ridgewood CAD Invest Gra
RID,RBC Quant EAFE Div Leade
RIE,RBC Quant EAFE Equity Le
RIG,RBC Quant Global Infras Leaders ETF
RIGP-UN,Canadian Investment Grade Pref Fund
RIT-A,Fa Canadian REIT ETF Adv Cls
RLB,RBC 1-5 Year Laddered Canadian
RMP,Rmp Energy Inc
RN,Rio Novo Gold Inc
RNX,Royal Nickel Corporation
RPD-U,RBC Quant European Div L
RPI-UN,Richards Packaging Incom
RQF,RBC Target 2018 Corp Bon
RQH,RBC Target 2020 Corp Bon
RQJ,RBC Target 2022 Corp Bond Idx ETF
RRX,Raging River Exploration
RSI-DB-C,Rogers Sugar Inc. 5.70 D
RTG,Rtg Mining Inc
RUD,RBC Quant US Div Leaders
RUE,RBC Quant US Equity Lead
RVX,Resverlogix Corp.
RWC-A,First Asset MSCI Cda Low
RWE-A,First Asset MSCI Europe
RWE-D,First Asset MSCI Europe
RWU-B,First Asset MSCI USA Lr
RWW,First Asset MSCI World L
RWW-B,First Asset MSCI Wld Lr
RXD-U,RBC Quant Emerging Mkts
RY,Royal Bank of Canada
RY-PR-B,RBC Non-Cum First Prefer
RY-PR-D,RBC First Pref Shares Se
RY-PR-F,RBC Non-Cum First Pref S
RY-PR-H,Royal Bank of Canada Prf
RY-PR-J,Royal Bank Pref Series B
RY-PR-L,RBC Non Com 5-Year Srs A
RY-PR-N,Royal Bank Pref Series B
RY-PR-P,RBC Pref Shares Series Bj
RY-PR-R,RBC Pref Shares Series Bm
RY-PR-Z,RBC First Pref Sh Series
SAM,Starcore International M
SAU,ST Augustine Gold and Co
SBC,Brompton Split Banc Corp
SBI,Serabi Gold Plc
SBN-PR-A,S Split Corp. Pref A
SBT-B,Silver Bullion Trust CAD ETF Non Cur
SCC,Sears Canada Inc
SCP,Sprott Resource  Corp
SCW-UN,Canso Select Opportuniti
SDY,Strad Energy Services Lt
SEC,Senvest Capital
SES,Secure Energy Services I
SFD,Nxt Energy Solutions Inc
SGQ,Southgobi Resources Ltd
SHA,Sphere FTSE Asia Sustainable Yld ETF
SHE,Sphere FTSE Euro Sustainable Yld ETF
SHU,Sphere FTSE US Sustainable Yld ETF
SIA,Sienna Senior Living Inc
SIF-UN,Strategic Income Allocat
SIN-UN,Sciti Trust
SJ,Stella Jones Inc
SJR-PR-A,Shaw Communications Inc
SKG-UN,Skylon Growth & Income F
SLF-PR-A,Sun Life Financial Inc P
SLF-PR-C,Sunlife Financial Inc. C
SLF-PR-E,Sun Life Financial Inc.
SLF-PR-H,Sun Life Financial Inc P
SLF-PR-J,Sun Life Financial Inc P
SLR,Solitario Exploration &
SMC,Sulliden Mining Capital
SMT,Sierra Metals Inc
SNC,Snc-Lavalin Sv
SOX,Stuart Olson Inc
SOY,Sunopta Inc.
SPB-DB-H,Superior Plus Corp 6.0 P
SQP,Strongco Corporation
SRT-UN,Slate Retail REIT
SRV-UN,Sir Royalty Income Fund
SSL,Sandstorm Gold Ltd
SSL-WT-B,Sandstorm Gold Ltd Warra
ST,Stonegate Agricom Ltd
STB-DB-A,Student Transportation Inc 5.25 Pct Debs
STN,Stantec Inc
SUM,Solium Capital Inc.
SVC,Sandvine Corporation
SVR,Ishares Silver Bullion E
SVY,Savanna Energy Services
SWH,Sunwah International Lim
SWY-DB-U,Stornoway Diamond Corp 6
SXP,Supremex Inc.
S,Sherritt Intl Rv
SAP,Saputo Inc.
SBB,Sabina Gold and Silver C
SBC-PR-A,Brompton Split Banc Corp
SBN,S Split Corp. Cl.A
SBR,Silver Bear Resources In
SCB,Street Capital Group Inc
SCL,Shawcor Ltd
SCU,The Second Cup Ltd.
SCY,Scandium International M
SEA,Seabridge Gold Inc.
SEN,Serinus Energy Inc
SEV,Spectra7 Microsystems In
SGF,Shore Gold Inc.
SGY,Surge Energy Inc
SHC,Sphere FTSE Cda Sustainable Yld ETF
SHOP,Shopify Inc
SHZ,Sphere FTSE Emerg Mkts Yld Idx ETF
SIA-DB,Sienna Senior Living Inc
SII,Sprott Inc.
SIS,Savaria Corp.
SJR-B,Shaw Communications Inc.
SJR-PR-B,Shaw Communications Series B
SLF,Sun Life Financial Inc.
SLF-PR-B,Sun Life Financial Inc.
SLF-PR-D,Sun Life Financial Inc.
SLF-PR-G,Sun Life Financial Inc.
SLF-PR-I,Sun Life Financial Inc P
SLF-PR-K,Sun Life Financial Inc Pref Ser 11Qr
SLW,Silver Wheaton Corp.
SMF,SEMAFO J
SMU-UN,Summit Industrial Income
SOT-UN,Slate Office REIT
SOX-DB-A,Stuart Olson Inc 6 Pct D
SPB,Superior Plus Corp.
SPE,Spartan Energy Corp
SRT-U,Slate Retail REIT USD
SRU-UN,Smart Real Estate Investment Trust
SSF-UN,Symphony Floating Rate S
SSL-WT,Sandstorm Gold Ltd Wts
SSO,Silver Standard Res Inc.
STB,Student Transportation I
STB-DB-C,Student Transportation I
SU,Suncor Energy Inc.
SVB,Silver Bull Resources In
SVM,Silvercorp Metals Inc.
SVR-C,Ishares Silver Bullion E
SW,Sierra Wireless
SWY,Stornoway Diamond Corp.
SXI,Synex Intl J
TA,Transalta Corporation
TA-PR-E,Transalta Corp Pref Series B
TA-PR-H,Transalta Corp Pref Sh S
TAO,Tag Oil Ltd
TBL-NT,Taiga Building Products
TCL-A,Transcontinental Inc. C
TCN,Tricon Capital Group Inc
TCS,Tecsys Inc J
TCW,Trican Well
TD-PF-A,TD Bank Pref Series 1
TD-PF-C,TD Bank Pref Series 5
TD-PF-E,TD Bank Pref Series 9
TD-PF-G,TD Bank Pref Series 12
TD-PR-S,TD Bank Ser S Pr
TD-PR-Y,TD Bank Ser Y Pr
TDB,TD CDN Aggregate Bond Index ETF
TECK-A,Teck Resources Ltd Cl A
TEI,Toscana Energy Income Co
TEL,Tellza Communications In
TF,Timbercreek Financial Corp
TF-DB-A,Timbercreek Financial Corp 5.40 Pct Debs
TFII,Tfi International Inc
TGL,Transglobe Energy Corp
TGO,Terago Inc.
TH,Theratechnologies
The,TD Intl Equity CAD Hedge Index ETF
THU,TD SP 500 CAD Hedge Index ETF
TKO,Taseko Mines Ltd.
TLF-UN,Tech Leaders Income Fund
TLV,Powershares SP TSX Low V
TMD,Titan Medical Inc
TMD-WT-D,Titan Medical Inc Wts Cl
TMD-WT-H,Titan Medical Inc Wts Cl H
TMI,Trimetals Mining Inc
TML,Treasury Metals Inc.
TMM-WT,Timmins Gold Corp Wts
TMR,Tmac Resources Inc
TNT-UN,True North Commercial Re
TOF-UN,Taylor North American Eq
TOS,Tso3 Inc
TOU,Tourmaline Oil Corp
TPE,TD International Equity Index ETF
TPH-DB-D,Temple Hotels Inc 7.75 P
TPH-DB-F,Temple Hotels Inc 7.0 PC
TPL,Tethys Petroleum Limited
TPX-A,Molson Coors Canada Inc.
TR,Trillium Therapeutics In
TRI,Thomson Reuters Corporat
TRP,Transcanada Corp.
TRP-PR-B,Transcanada Corp Pref Se
TRP-PR-D,Transcanada Corp Pref Se
TRP-PR-F,Transcanada Corp Pref Se
TRP-PR-H,Transcanada Corp Pref Se
TRP-PR-J,Transcanada Corp Pref Series 13
TRQ,Turquoise Hill Resources
TS-B,Torstar Corp. Cl. B Nv
TTE-UN,Top 20 Europe Dividend T
TTY-UN,Top 20 Dividend Trust
TV,Trevali Mining Corporati
TVE,Tamarack Valley Energy L
TVK-DB,Terravest Capital Inc 7.
TXF,First Asset Tech Giants
TXG,Torex Gold Resources Inc
TXT-PR-A,Top 10 Split Trust Prf.
TZS,Trez Capital Senior Mort
T,Telus Corporation
TA-PR-D,Transalta Corp Prfd Seri
TA-PR-F,Transalta Corp Pref Seri
TA-PR-J,Transalta Corp Pref Seri
TBL,Taiga Building Products
TC,Tucows Inc.
TCL-B,Transcontinental Inc. C
TCN-DB-A,Tricon Capital Group Inc
TCT-UN,Top 10 Canadian Financia
TD,Toronto-Dominion Bank
TD-PF-B,TD Bank Pref Series 3
TD-PF-D,TD Bank Pref Series 7
TD-PF-F,TD Bank Pref Series 11
TD-PF-H,TD Bank Pref Series 14
TD-PR-T,TD Bank Pref Series T
TD-PR-Z,TD Bank Pref Series Z
TDG,Trinidad Drilling Ltd.
TECK-B,Teck Resources Ltd Cl B
TEI-DB,Toscana Energy Income Co
TET,Trilogy Energy Corp.
TF-DB,Timbercreek Financial Corp 6.35 Pct Debs
TFI,Transforce Inc.
TGF-UN,Timbercreek Global Real
TGL-DB,Transglobe Energy Corp 6
TGZ,Teranga Gold Corporation
TH-WT,Theratechnologies Inc Wt
THO,Tahoe Resources Inc
TIH,Toromont Ind
TLB,Tearlab Corporation
TLO,Talon Metals Corp.
TMB,Tembec Inc.
TMD-WT-C,Titan Medical Inc Wts Cl
TMD-WT-G,Titan Medical Inc Wts Cl G
TMD-WT-I,Titan Medical Inc Wts Cl I
TMI-B,Trimetals Mining Inc Cla
TMM,Timmins Gold Corp
TMQ,Trilogy Metals Inc
TNP,Transatlantic Petroleum
TNX,Tanzanian Royalty Explor
TOG,Torc Oil and Gas Ltd
TOT,Total Energy Services In
TOY,Spin Master Corp
TPH,Temple Hotels Inc
TPH-DB-E,Temple Hotels Inc 7.25 P
TPK,Ten Peaks Coffee Company
TPU,TD SP 500 Index ETF
TPX-B,Molson Coors Canada Inc.
TRF-UN,First Asset Energy & Res
TRI-PR-B,Thomson Reuters Corporat
TRP-PR-A,Transcanada Corp Pref Se
TRP-PR-C,Transcanada Cumul Redeem
TRP-PR-E,Transcanada Corp Pref Se
TRP-PR-G,Transcanada Corp Pref Se
TRP-PR-I,Transcanada Corp Pref Series 6
TRP-PR-K,Transcanada Corp Pref Series 15
TRZ,Transat At Inc
TSL,Tree Island Steel Ltd
TTP,TD SP TSX Capped Comp Index ETF
TUT-UN,Top 20 US Dividend Trust
TVA-B,Tva Group Inc. Cl.B Nv
TVK,Terravest Capital Inc
TWC,Twc Enterprises Limited
TXF-A,First Asset Tech Giants
TXP,Touchstone Exploration I
TXT-UN,Top 10 Split Trust
TZZ,Trez Capital Mortgage In
UCD-UN,Fa Morningstar US Consum
UEX,Uex Corp
ULV,Powershares Sp500 Low Vo
UNC,United Corp Ltd
UNC-PR-B,United Corp 59 Pr
UNG-PR-D,Union Gas 6% B Pr
UR,Urthecast Corp
URB-A,Urbana Corporation Cl A
US,US Dividend Growers Inco
USB,Powershares Lad US 0 To
USF-UN,US Financials Income Fun
UST-PR-B,Utility Split Trust Clas
UTC-C,Utility Corp Cl C
UWE,U3O8 Corp
UXM-A,F A Morningstar US Div T
U,Uranium Participation Co
UDA-UN,Caldwell US Dividend Adv
UFS,Domtar Corporation
ULV-F,Powershares Sp500 Low Volatility ETF
UNC-PR-A,United Corp Pr A
UNG-PR-C,Union Gas 5-1/2% Pr
UNS,Uni Select Inc
URB,Urbana Corporation
URE,Ur-Energy Inc.
USA,Americas Silver Corporation
USB-U,Powershares Lad US 0 To
USH-UN,US Housing Recovery Fund
UST-UN,Utility Split Trust
UTE-UN,Canadian Utilities Telec
UXM,F A Morningstar US Div T
UXM-B,Fa Morningstar US Div Tg
VAB,Vanguard CDN Aggregate B
VB,Versabank
VB-PR-B,Versabank Pref Series 3
VBU,Vanguard US Agg Bond Ind
VCE,Vanguard FTSE Canada Ind
VCN,Vanguard FTSE Canada All
VDY,Vanguard FTSE CDN High D
VEE,Vanguard FTSE Emerging M
VEH,Vanguard FTSE Dev Europe ETF CAD Hdg
VFF,Village Farms Internatio
VGG,Vanguard US Div Appr Idx
VGZ,Vista Gold Corp
VII,Seven Generations Energy
VIU,Vanguard FTSE Dev All Cap Na Idx
VLN,Velan Inc. Sv
VMO,Vanguard Glob Momentum Factor ETF
VNP-DB,5N Plus Inc 5.75 Pct Deb
VNR-PR-A,Valener Inc Pref Series
VRX,Valeant Pharmaceuticals
VSC,Vanguard CDN Short Term
VSN-PR-A,Veresen Inc Pref Sh Seri
VSN-PR-E,Veresen Inc Pref Sh Seri
VUN,Vanguard US Total Market
VVL,Vanguard Glob Val Factor ETF
VXC,Vanguard FTSE All World
VXM-A,F A Morningstar Intl Val
VXM-D,F A Morningstar Intl Val
VA,Vanguard FTSE Dev Asia P
VAH,Vanguard FTSE Dev Asia Pac ETF CAD Hdg
VB-PR-A,Versabank Pref Series 1
VBG,Vanguard Global Ex US Ag
VBV,Vbi Vaccines Inc
VCM,Vecima Networks Inc.
VDU,Vanguard FTSE Developed
VE,Vanguard FTSE Dev Europe
VEF,Vanguard FTSE Dev Ex Na
VET,Vermilion Energy Inc
VFV,Vanguard SP 500 Index Et
VGH,Vanguard US Div Appr Idx
VI,Vanguard FTSE Dev All Cap Na Idx
VIP-UN,Aston Hill Vip Income Fu
VLE,Valeura Energy Inc
VLQ,Vanguard Global Liquidity Factor ETF
VNP,5N Plus Inc.
VNR,Valener Inc
VRE,Vanguard FTSE CDN Capped
VSB,Vanguard CDN Short-Term
VSN,Veresen Inc.
VSN-PR-C,Veresen Inc Pref Sh Seri
VSP,Vanguard SP 500 Index Et
VUS,Vanguard US Total Mkt Id
VVO,Vanguard Global Min Vol ETF
VXM,F A Morningstar Intl Val
VXM-B,F A Morningstar Intl Val
VXS,Vixs Systems Inc
W-PR-J,Westcoast 8 Pr
W-PR-M,Westcoast Energy Inc Pref Series 12
WCP,Whitecap Resources Inc
WDO-DB-A,Wesdome Gold Mines Ltd 7
WEQ,Westernone Inc
WFC,Wall Financial
WFS-PR-A,World Financial Split Co
WG,Wellgreen Platinum Ltd
WIR-U,Wpt Industrial REIT USD
WJX,Wajax Corporation
WN,Weston George
WN-PR-C,George Weston Ltd. 5.20%
WN-PR-E,George Weston Ltd. 4.75
WPRT,Westport Innovations Inc
WRG,Western Energy Services
WSP,WSP Global Inc
WXM,F A Morningstar Cda Mome
W-PR-H,Westcoast 7 Pr
W-PR-K,Westcoast Energy Inc Pref Series 10
WCN,Waste Connections Inc.
WDO,Wesdome Gold Mines Ltd.
WEF,Western Forest Products
WEQ-DB,Westernone Inc 6.25 Pct
WFS,World Financial Split Co
WFT,West Fraser Timber Co Lt
WIN,Wi-Lan Inc
WJA,Westjet Airlines Ltd.
WM,Wallbridge Mng J
WN-PR-A,George Weston Limited Pr
WN-PR-D,George Weston Ltd. 5.2%
WPK,Winpak Ltd
WPX,Western Potash Corp
WRN,Western Copper and Gold
WTE,Westshore Terminals Inve
WXM-A,F A Morningstar Cda Mome
XAL,Ishares Alternatives Com
XAW,Ishares Core MSCI All Cn
XBM,Ishares SP TSX Global BA
XCB,Ishares Canadian Corpora
XCG,Ishares Canadian Growth
XCR,Ishares Conservative Cor
XCT,Exactearth Ltd
XDC,Xtreme Drilling and Coil
XEB,Ishares JP Morgan USD EM
XEF,Ishares Core MSCI EAFE I
XEH,Ishares MSCI Europe IMI
XEM,Ishares MSCI Emerging Ma
XEU,Ishares MSCI Europe IMI
XFC,Ishares Factorselect MSCI C
XFH,Ishares Core MSCI EAFE I
XFN,Ishares SP TSX Capped Fi
XFS,Ishares Factorselect MSCI USA Idx ETF
XGC,Ishares Global Comp. Por
XGI,Ishares SP Global Indust
XHB,Ishares CDN Hybrid Corp
XHD,Ishares US High Div Equi
XHY,Ishares US High Yield Bo
XID,Ishares India Index ETF
XIN,Ishares MSCI EAFE Index
XIU,Ishares SP TSX 60 Index
XMA,Ishares SP TSX Capped Ma
XMD,Ishares SP TSX Completio
XMF-PR-B,M Split Corp. Class I Pr
XMH,Ishares SP US Midcap Ind
XML,Ishares Edge MSCI Mv EAFE ETF CAD Hgd
XMS,Ishares Edge MSCI Mv USA ETF CAD Hgd
XMV,Ishares MSCI Canada Min
XMY,Ishares Edge MSCI Mv Glbl ETF CAD Hgd
XQB,Ishares Core Hi Quality
XRB,Ishares CDN Real Return
XRE,Ishares SP TSX Capped Re
XSC,Ishares Conv Shr Trm Stra Fxd
XSH,Ishares Core CDN ST Corp
XSP,Ishares Core SP 500 Idx
XSR,Sirius XM Canada Holding
XSU,Ishares US Small Cap Ind
XTD,Tdb Split Corp. Class A
XTG,Xtra Gold Resources Corp
XUH,Ishares Core SP US Total
XUT,Ishares SP TSX Capped Ut
XWD,Ishares MSCI World Index
XXM-A,Fa Morningstar US Value
XXM-D,Fa Morningstr US Val Unh
X,Tmx Group Limited
XAU,Goldmoney Inc
XBB,Ishares Canadian Univers
XBZ,Ishares MSCI Brazil Inde
XCD,Ishares SP Global Cons D
XCH,Ishares China Index ETF
XCS,Ishares SP TSX Smallcap
XCV,Ishares Canadian Value I
XDV,Ishares Canadian Select
XEC,Ishares Core MSCI Emergi
XEG,Ishares SP TSX Capped En
XEI,Ishares Core SP TSX Comp
XEN,Ishares Jantzi Social In
XFA,Ishares Factorselect MSCI USA Idx CAD
XFF,Ishares Factorselect MSCI EAFE
XFI,Ishares Factorselect MSCI EAFE Idx ETF
XFR,Ishares Floating Rate In
XGB,Ishares Canadian Govt Bo
XGD,Ishares S&P/Tsx Global G
XGR,Ishares Growth Core Port
XHC,Ishares Global Healthcar
XHU,Ishares US High Div Equi
XIC,Ishares Core SP TSX Capp
XIG,Ishares US Ig Corporate
XIT,Ishares SP TSX Capped In
XLB,Ishares Core CDN Long Te
XMC,Ishares SP US Midcap Ind
XMF-A,M Split Corp Capital Sha
XMF-PR-C,M Split Corp. Class II P
XMI,Ishares MSCI EAFE Min Vo
XMM,Ishares MSCI Emerg Mkts
XMU,Ishares MSCI USA Min Vol
XMW,Ishares MSCI All Country
XPF,Ishares SP TSX Na Pref S
XQQ,Ishares Nasdaq 100 Index
XRC,Exeter Resource Corporat
XSB,Ishares Canadian Short T
XSE,Ishares Cons Strat Fix I
XSI,Ishares Short Term Strat
XSQ,Ishares Core ST Hi Quali
XST,Ishares SP TSX Capped Co
XTC,Exco Tech
XTD-PR-A,Tdb Split Corp. Priorit
XTR,Ishares Diversified Mont
XUS,Ishares Core SP 500 Inde
XUU,Ishares Core SP US Total
XXM,Fa Morningstar US Value
XXM-B,Fa Morningstr US Value I
XYM-UN,Star Yield Managers Trust
Y-WT,Yellow Pages Limited Wts
YCM-PR-A,Commerce Split Corp Clas
YGR,Yangarra Resources Ltd
YP-UN,Yieldplus Income Fund
YRB-A,Yorbeau Res A J
YXM,Fa Morningstar US Moment
Y,Yellow Pages Limited
YCM,Commerce Split Corp Capi
YCM-PR-B,Commerce Split Corp Clas
YMI,Yellowhead Mining Inc
YPG-DB,Yp Digital and Media Sol
YRI,Yamana Gold Inc
YXM-B,Fa Morningstar US Moment
ZAR,Zargon Oil and Gas Ltd.
ZBK,BMO Equal Weight US Bank
ZCL,Zcl Composites
ZCN,BMO SP TSX Capped Comp I
ZDB,BMO Discount Bond Idx Et
ZDI,BMO International Divide
ZDM,BMO MSCI EAFE Hedged To
ZDY,BMO US Dividend ETF CAD
ZEA,BMO MSCI EAFE Idx ETF
ZEF,BMO Emg Mkt Bond Hdgd To
ZEO,BMO SP TSX Eql Weight Oi
ZFH,BMO Floating Rate High Y
ZFM,BMO Mid Federal Bond Ind
ZGD,BMO SP TSX Eql Weight Gl
ZGQ,BMO MSCI All Cntry Wrld
ZIC,BMO Mid Term US Ig Corp
ZID,BMO India Equity Index E
ZJG,BMO Junior Gold Index Et
ZJO,BMO Junior Oil Index ETF
ZLC,BMO Long Corporate Bond
ZLE,BMO Low Vol Emerg Mkt Equity ETF
ZLI,BMO Low Vol Intl Equity
ZLU-U,BMO Low Volatility US Eq
ZMP,BMO Mid Provincial Bond
ZMU,BMO Mid Term US Ig Corp
ZPR,BMO SP TSX Laddered Pref
ZPW,BMO US Put Write ETF
ZQQ,BMO Nasdaq 100 Hedged To
ZRR,BMO Real Return Bond Ind
ZSP-U,BMO SP 500 Index ETF USD
ZSU,BMO ST US Ig Corp Bond H
ZUD,BMO US Dividend Hedged T
ZUH,BMO Eql Wgt US Hcare Hdg
ZUT,BMO Equal Weight Utiliti
ZWB,BMO Covered Call Canadia
ZWH,BMO US High Dividend Cov
ZWU,BMO Covered Call Utiliti
ZXM-A,F A Morningstar Intl Mom
ZZZ,Sleep Country Canada Hol
ZAG,BMO Aggregate Bond Index
ZAR-DB,Zargon Oil and Gas Ltd 6
ZCH,BMO China Equity Index E
ZCM,BMO Mid Corporate Bond I
ZCS,BMO Short Corp Bond Inde
ZDH,BMO Intl Div CAD Hedge E
ZDJ,BMO DJIA Hedged To CAD I
ZDV,BMO Canadian Dividend Et
ZDY-U,BMO US Dividend ETF USD
ZEB,BMO SP TSX Equal Weight
ZEM,BMO MSCI Emerging Market
ZEQ,BMO MSCI EU Hq Hcad Idx
ZFL,BMO Long Fed Bond Index
ZFS,BMO Short Federal Bond I
ZGI,BMO Global Infrastructur
ZHY,BMO High Yld US Corp Bnd
ZIC-U,BMO Mid Term US Ig Corp
ZIN,BMO SP TSX Equal Weight
ZJN,BMO Junior Gas Index ETF
ZLB,BMO Low Volatility CAD E
ZLD,BMO Low Vol Intl Eqty Hed To CAD ETF
ZLH,BMO Low Vol US Eqty Hed To CAD ETF
ZLU,BMO Low Volatility US Eq
ZMI,BMO Monthly Income ETF
ZMT,BMO Sptsx Eql Wgt Glb Me
ZPL,BMO Long Provincial Bond
ZPS,BMO Short Provincial Bon
ZPW-U,BMO US Put Write ETF USD
ZRE,BMO Equal Weight Reits I
ZSP,BMO SP 500 Index ETF
ZST,BMO Ultra Short Term Bon
ZUB,BMO Eql Wgt US Bank Hdgd
ZUE,BMO SP 500 Hedged CAD Id
ZUQ,BMO MSCI USA High Qualit
ZWA,BMO Covered Call DJIA CA
ZWE,BMO Europe High Div CC C
ZWH-U,BMO US High Dividend Cov
ZXM,F A Morningstar Intl Mom
ZXM-B,F A Morningstar Intl Mom
